source,target,reaction,weight
s_1543[c],s_0001[q],r_0005,1
s_1543[c],s_0004[q],r_0006,1
s_1543[c],s_0409[c],r_0195,1
s_1543[c],s_0773[c],r_0510,1
s_0001[q],s_3718[c],r_4048,1
s_0004[q],s_3718[c],r_4048,1
s_0077[c],s_0312[c],r_0007,1
s_0312[c],s_0403[c],r_0563,1
s_0312[c],s_0550[c],r_0563,1
s_0311[c],s_0294[c],r_0013,1
s_0311[c],s_0722[c],r_0013,1
s_0294[c],s_1029[c],r_0026,1
s_0722[c],s_0120[c],r_0446,1
s_0142[c],s_0313[c],r_0014,1
s_0313[c],s_0314[c],r_2030,1
s_0141[c],s_0142[c],r_0015,1
s_0179[m],s_0039[m],r_0016,1
s_0039[m],s_0008[m],r_0669,1
s_1401[m],s_0039[m],r_0016,1
s_1401[m],s_0146[m],r_0097,1
s_1401[m],s_0957[m],r_0674,1
s_0176[c],s_0953[c],r_0018,1
s_0953[c],s_0959[c],r_0678,1
s_0149[c],s_0030[c],r_0019,1
s_0030[c],s_0031[c],r_0843,1
s_0552[m],s_0350[m],r_0020,1
s_0350[m],s_0349[c],r_1567,1
s_1361[m],s_0350[m],r_0020,1
s_0162[c],s_0165[c],r_0023,1
s_0165[c],s_0009[c],r_0060,1
s_0232[c],s_0162[c],r_0024,1
s_0373[c],s_0162[c],r_0024,1
s_0373[c],s_0367[c],r_0103,1
s_0373[c],s_1101[c],r_0109,1
s_0373[c],s_1235[c],r_0252,1
s_0373[c],s_0218[c],r_0559,1
s_0373[c],s_0066[c],r_0716,1
s_0373[c],s_1302[c],r_2140,1
s_1029[c],s_1416[c],r_0726,1
s_1029[c],s_1148[c],r_0729,1
s_0834[m],s_0454[m],r_0027,1
s_0454[m],s_0836[m],r_0542,1
s_0010[c],s_0291[c],r_0029,1
s_0291[c],s_1021[c],r_0699,1
s_0390[c],s_0423[c],r_0032,1
s_0423[c],s_2842[a],r_3586,1
s_0577[c],s_0158[c],r_0038,1
s_0577[c],s_0722[c],r_0038,1
s_0577[c],s_1408[c],r_0982,1
s_0158[c],s_0328[c],r_0967,1
s_0210[c],s_0211[c],r_0039,1
s_0211[c],s_1429[c],r_0996,1
s_0349[c],s_0210[c],r_0040,1
s_0222[c],s_0224[c],r_0045,1
s_0222[c],s_0955[c],r_0045,1
s_0224[c],s_0147[c],r_0058,1
s_0955[c],s_0404[c],r_0157,1
s_0147[c],s_1403[c],r_2114,1
s_0009[c],s_0010[c],r_0061,1
s_0233[m],s_0150[m],r_0063,1
s_0233[m],s_1058[m],r_1088,1
s_0150[m],s_0149[c],r_1568,1
s_0261[c],s_0324[c],r_0065,1
s_0324[c],s_0515[c],r_0279,1
s_1360[c],s_0324[c],r_0065,1
s_1360[c],s_0188[c],r_0366,1
s_1360[c],s_0522[c],r_1127,1
s_1360[c],s_1361[m],r_1127,1
s_0303[c],s_0383[c],r_0075,1
s_0303[c],s_1422[c],r_0075,1
s_0383[c],s_0423[c],r_0139,1
s_1422[c],s_1423[c],r_0087,1
s_0301[c],s_0302[c],r_0079,1
s_0302[c],s_0300[c],r_0855,1
s_0306[c],s_0322[c],r_0080,1
s_0306[c],s_0304[c],r_0732,1
s_1423[c],s_0311[c],r_0086,1
s_0146[m],s_0016[m],r_0096,1
s_0016[m],s_0233[m],r_0352,1
s_0367[c],s_0218[c],r_0559,1
s_1101[c],s_1302[c],r_2140,1
s_1101[c],s_2782[x],r_3514,1
s_0362[c],s_0373[c],r_0112,1
s_1192[m],s_1191[m],r_0115,1
s_1191[m],s_0145[m],r_0759,1
s_0145[m],s_1182[m],r_0118,1
s_1182[m],s_1192[m],r_0818,1
s_1182[m],s_1268[m],r_0818,1
s_2821[x],s_3442[x],r_0127,1
s_2821[x],s_1262[c],r_3520,1
s_3442[x],s_3709[x],r_3972,1
s_3442[x],s_3743[c],r_3972,1
s_3441[x],s_3442[x],r_0127,1
s_3441[x],s_0667[w],r_3939,1
s_1386[c],s_0423[c],r_0139,1
s_1386[c],s_1187[c],r_0202,1
s_1386[c],s_0326[c],r_0225,1
s_1386[c],s_1222[c],r_0786,1
s_1386[c],s_1270[c],r_0820,1
s_1386[c],s_0327[c],r_0915,1
s_0386[c],s_0423[c],r_0142,1
s_1413[c],s_0386[c],r_0144,1
s_1413[c],s_1012[c],r_0144,1
s_1012[c],s_0980[c],r_0309,1
s_1012[c],s_1029[c],r_0727,1
s_1416[c],s_1420[c],r_0145,1
s_1416[c],s_3182[x],r_3547,1
s_1420[c],s_0303[c],r_1002,1
s_1420[c],s_1442[c],r_1002,1
s_0299[c],s_0403[c],r_0151,1
s_0299[c],s_0725[c],r_0151,1
s_0403[c],s_1365[c],r_0912,1
s_0725[c],s_0066[c],r_0452,1
s_0725[c],s_1269[c],r_0453,1
s_0725[c],s_1458[c],r_0453,1
s_0393[c],s_0725[c],r_0152,1
s_0973[c],s_0393[c],r_0153,1
s_0973[c],s_0015[c],r_0208,1
s_0973[c],s_0969[c],r_0211,1
s_0973[c],s_1194[c],r_0214,1
s_0973[c],s_0295[c],r_0215,1
s_0973[c],s_0432[c],r_0220,1
s_0973[c],s_0299[c],r_0908,1
s_0298[c],s_0201[c],r_0154,1
s_0201[c],s_0390[c],r_0883,1
s_0201[c],s_1620[c],r_0883,1
s_0779[c],s_1003[c],r_0156,1
s_0779[c],s_0066[c],r_0716,1
s_0779[c],s_4189[c],r_4582,1
s_1003[c],s_0757[c],r_0512,1
s_1003[c],s_0325[c],r_0914,1
s_1003[c],s_1005[m],r_1811,1
s_0404[c],s_1582[c],r_4047,1
s_0404[c],s_1583[c],r_4047,1
s_0404[c],s_1585[c],r_4047,1
s_0404[c],s_1587[c],r_4047,1
s_0404[c],s_1589[c],r_4047,1
s_0404[c],s_1590[c],r_4047,1
s_0404[c],s_1591[c],r_4047,1
s_0404[c],s_1593[c],r_4047,1
s_0404[c],s_1594[c],r_4047,1
s_0404[c],s_1596[c],r_4047,1
s_0404[c],s_1598[c],r_4047,1
s_0404[c],s_1600[c],r_4047,1
s_0404[c],s_1602[c],r_4047,1
s_0404[c],s_1604[c],r_4047,1
s_0404[c],s_1606[c],r_4047,1
s_0404[c],s_1607[c],r_4047,1
s_0404[c],s_1608[c],r_4047,1
s_0404[c],s_1610[c],r_4047,1
s_0404[c],s_1612[c],r_4047,1
s_0404[c],s_1614[c],r_4047,1
s_0404[c],s_3717[c],r_4047,1
s_1582[c],s_0404[c],r_0157,1
s_0680[c],s_0359[c],r_0163,1
s_0359[c],s_0362[c],r_0173,1
s_0359[c],s_0361[m],r_1632,1
s_0208[c],s_0441[c],r_0172,1
s_0441[c],s_0031[c],r_0843,1
s_0361[m],s_0365[m],r_0174,1
s_0361[m],s_0365[m],r_0175,1
s_0568[c],s_0409[c],r_0195,1
s_0568[c],s_0126[c],r_0758,1
s_0568[c],s_0567[c],r_0888,1
s_0409[c],s_1520[c],r_1051,1
s_0427[c],s_1187[c],r_0202,1
s_1187[c],s_0076[c],r_0913,1
s_0515[c],s_0427[c],r_0203,1
s_0515[c],s_1399[c],r_0203,1
s_0515[c],s_1377[c],r_0278,1
s_1399[c],s_0955[c],r_4226,1
s_0015[c],s_0725[c],r_0207,1
s_0015[c],s_0965[c],r_0207,1
s_0965[c],s_0428[c],r_0209,1
s_0965[c],s_0968[v],r_1185,1
s_0979[c],s_0015[c],r_0208,1
s_0428[c],s_1582[c],r_4047,1
s_0428[c],s_1583[c],r_4047,1
s_0428[c],s_1585[c],r_4047,1
s_0428[c],s_1587[c],r_4047,1
s_0428[c],s_1589[c],r_4047,1
s_0428[c],s_1590[c],r_4047,1
s_0428[c],s_1591[c],r_4047,1
s_0428[c],s_1593[c],r_4047,1
s_0428[c],s_1594[c],r_4047,1
s_0428[c],s_1596[c],r_4047,1
s_0428[c],s_1598[c],r_4047,1
s_0428[c],s_1600[c],r_4047,1
s_0428[c],s_1602[c],r_4047,1
s_0428[c],s_1604[c],r_4047,1
s_0428[c],s_1606[c],r_4047,1
s_0428[c],s_1607[c],r_4047,1
s_0428[c],s_1608[c],r_4047,1
s_0428[c],s_1610[c],r_4047,1
s_0428[c],s_1612[c],r_4047,1
s_0428[c],s_1614[c],r_4047,1
s_0428[c],s_3717[c],r_4047,1
s_1583[c],s_0428[c],r_0209,1
s_0969[c],s_0430[c],r_0212,1
s_0430[c],s_1582[c],r_4047,1
s_0430[c],s_1583[c],r_4047,1
s_0430[c],s_1585[c],r_4047,1
s_0430[c],s_1587[c],r_4047,1
s_0430[c],s_1589[c],r_4047,1
s_0430[c],s_1590[c],r_4047,1
s_0430[c],s_1591[c],r_4047,1
s_0430[c],s_1593[c],r_4047,1
s_0430[c],s_1594[c],r_4047,1
s_0430[c],s_1596[c],r_4047,1
s_0430[c],s_1598[c],r_4047,1
s_0430[c],s_1600[c],r_4047,1
s_0430[c],s_1602[c],r_4047,1
s_0430[c],s_1604[c],r_4047,1
s_0430[c],s_1606[c],r_4047,1
s_0430[c],s_1607[c],r_4047,1
s_0430[c],s_1608[c],r_4047,1
s_0430[c],s_1610[c],r_4047,1
s_0430[c],s_1612[c],r_4047,1
s_0430[c],s_1614[c],r_4047,1
s_0430[c],s_3717[c],r_4047,1
s_1585[c],s_0430[c],r_0212,1
s_0455[c],s_1194[c],r_0214,1
s_0455[c],s_0979[c],r_0816,1
s_1194[c],s_0061[c],r_0349,1
s_0295[c],s_0978[c],r_0219,1
s_1273[m],s_0975[m],r_0217,1
s_1273[m],s_0524[m],r_0300,1
s_0975[m],s_0973[c],r_1118,1
s_0978[c],s_1014[c],r_0546,1
s_0432[c],s_1582[c],r_4047,1
s_0432[c],s_1583[c],r_4047,1
s_0432[c],s_1585[c],r_4047,1
s_0432[c],s_1587[c],r_4047,1
s_0432[c],s_1589[c],r_4047,1
s_0432[c],s_1590[c],r_4047,1
s_0432[c],s_1591[c],r_4047,1
s_0432[c],s_1593[c],r_4047,1
s_0432[c],s_1594[c],r_4047,1
s_0432[c],s_1596[c],r_4047,1
s_0432[c],s_1598[c],r_4047,1
s_0432[c],s_1600[c],r_4047,1
s_0432[c],s_1602[c],r_4047,1
s_0432[c],s_1604[c],r_4047,1
s_0432[c],s_1606[c],r_4047,1
s_0432[c],s_1607[c],r_4047,1
s_0432[c],s_1608[c],r_4047,1
s_0432[c],s_1610[c],r_4047,1
s_0432[c],s_1612[c],r_4047,1
s_0432[c],s_1614[c],r_4047,1
s_0432[c],s_3717[c],r_4047,1
s_1587[c],s_0432[c],r_0220,1
s_0326[c],s_0078[c],r_0910,1
s_0262[c],s_0122[c],r_0231,1
s_0122[c],s_0297[c],r_0241,1
s_1578[c],s_1579[c],r_0234,1
s_1579[c],s_1569[c],r_0237,1
s_0297[c],s_0209[c],r_0235,1
s_0209[c],s_0296[c],r_0236,1
s_0296[c],s_1576[c],r_0238,1
s_1569[c],s_0662[c],r_1682,1
s_1576[c],s_1577[c],r_0239,1
s_1577[c],s_1578[c],r_0240,1
s_0663[w],s_0667[w],r_0244,1
s_0667[w],s_0666[c],r_1758,1
s_0999[c],s_0455[c],r_0250,1
s_0999[c],s_0991[c],r_0250,1
s_0999[c],s_0747[c],r_0478,1
s_0991[c],s_0999[c],r_0476,1
s_0991[c],s_0748[c],r_0479,1
s_0991[c],s_1038[c],r_0989,1
s_0991[c],s_0993[m],r_1194,1
s_0021[c],s_1235[c],r_0252,1
s_1235[c],s_0021[c],r_1120,1
s_1235[c],s_1236[m],r_1120,1
s_1236[m],s_0023[m],r_0254,1
s_1236[m],s_0376[m],r_0254,1
s_0023[m],s_0021[c],r_1120,1
s_0023[m],s_1236[m],r_1120,1
s_0376[m],s_0524[m],r_0300,1
s_0376[m],s_0834[m],r_1838,1
s_1377[c],s_0204[c],r_0939,1
s_0517[m],s_0941[m],r_0280,1
s_0941[m],s_0182[m],r_0658,1
s_0941[m],s_0524[m],r_1128,1
s_0941[m],s_0940[c],r_1128,1
s_0524[m],s_0517[m],r_0302,1
s_0524[m],s_0068[m],r_1126,1
s_0524[m],s_0522[c],r_1126,1
s_0524[m],s_0522[c],r_1127,1
s_0524[m],s_1361[m],r_1127,1
s_0516[c],s_0522[c],r_0303,1
s_0522[c],s_0180[c],r_1112,1
s_0522[c],s_0524[m],r_1112,1
s_0522[c],s_0524[m],r_1128,1
s_0522[c],s_0940[c],r_1128,1
s_1559[c],s_0539[c],r_0307,1
s_0539[c],s_3083[x],r_3538,1
s_0980[c],s_0981[c],r_0815,1
s_0980[c],s_1241[c],r_0815,1
s_1039[c],s_0980[c],r_0309,1
s_1039[c],s_1003[c],r_0502,1
s_1039[c],s_1428[c],r_0995,1
s_1039[c],s_0764[c],r_1055,1
s_1039[c],s_1048[c],r_1055,1
s_1039[c],s_3107[x],r_3545,1
s_0981[c],s_0542[c],r_0313,1
s_0981[c],s_1188[c],r_0905,1
s_0542[c],s_1582[c],r_4047,1
s_0542[c],s_1583[c],r_4047,1
s_0542[c],s_1585[c],r_4047,1
s_0542[c],s_1587[c],r_4047,1
s_0542[c],s_1589[c],r_4047,1
s_0542[c],s_1590[c],r_4047,1
s_0542[c],s_1591[c],r_4047,1
s_0542[c],s_1593[c],r_4047,1
s_0542[c],s_1594[c],r_4047,1
s_0542[c],s_1596[c],r_4047,1
s_0542[c],s_1598[c],r_4047,1
s_0542[c],s_1600[c],r_4047,1
s_0542[c],s_1602[c],r_4047,1
s_0542[c],s_1604[c],r_4047,1
s_0542[c],s_1606[c],r_4047,1
s_0542[c],s_1607[c],r_4047,1
s_0542[c],s_1608[c],r_4047,1
s_0542[c],s_1610[c],r_4047,1
s_0542[c],s_1612[c],r_4047,1
s_0542[c],s_1614[c],r_4047,1
s_0542[c],s_3717[c],r_4047,1
s_1589[c],s_0542[c],r_0313,1
s_1059[c],s_0262[c],r_0317,1
s_1059[c],s_0722[c],r_0317,1
s_0589[c],s_0654[c],r_0326,1
s_0589[c],s_3720[c],r_4050,1
s_0654[c],s_0649[c],r_1045,1
s_0613[c],s_0615[c],r_0330,1
s_0625[c],s_1487[c],r_0344,1
s_1487[c],s_0120[c],r_0446,1
s_1487[c],s_4205[c],r_4598,1
s_0061[c],s_1269[c],r_0453,1
s_0061[c],s_1458[c],r_0453,1
s_0008[m],s_0060[m],r_0353,1
s_0060[m],s_1018[m],r_0664,1
s_0943[c],s_0745[c],r_0355,1
s_0943[c],s_0190[c],r_0462,1
s_0943[c],s_1376[c],r_0667,1
s_0745[c],s_0190[c],r_0462,1
s_1376[c],s_0745[c],r_0355,1
s_0645[c],s_0644[w],r_0361,1
s_0644[w],s_0646[w],r_0362,1
s_0644[w],s_1108[w],r_0362,1
s_0743[c],s_0644[w],r_0361,1
s_0646[w],s_0645[c],r_1748,1
s_1108[w],s_1107[c],r_1932,1
s_0188[c],s_0260[c],r_0893,1
s_0710[m],s_0709[m],r_0438,1
s_0709[m],s_0710[m],r_0439,1
s_0709[m],s_1537[m],r_0439,1
s_1537[m],s_1535[m],r_0773,1
s_1535[m],s_0710[m],r_0439,1
s_1535[m],s_1537[m],r_0439,1
s_0555[c],s_0557[c],r_0449,1
s_0557[c],s_0568[c],r_0467,1
s_0557[c],s_0574[c],r_0723,1
s_0557[c],s_0551[c],r_1050,1
s_0557[c],s_0581[c],r_1050,1
s_0629[c],s_0555[c],r_0450,1
s_0629[c],s_0767[c],r_0491,1
s_0764[c],s_0555[c],r_0450,1
s_0764[c],s_0551[c],r_1048,1
s_0764[c],s_0551[c],r_1050,1
s_0764[c],s_0557[c],r_1048,1
s_0764[c],s_0581[c],r_1050,1
s_0764[c],s_0629[c],r_1054,1
s_0727[m],s_0068[m],r_0451,1
s_0727[m],s_1460[m],r_0454,1
s_0727[m],s_0725[c],r_1265,1
s_0068[m],s_1273[m],r_0713,1
s_0068[m],s_1401[m],r_0718,1
s_0066[c],s_1271[c],r_0714,1
s_0066[c],s_0068[m],r_1126,1
s_0066[c],s_0522[c],r_1126,1
s_0066[c],s_0067[e],r_1652,1
s_0066[c],s_0180[c],r_1652,1
s_1269[c],s_1270[c],r_0820,1
s_1458[c],s_0981[c],r_0815,1
s_1458[c],s_1241[c],r_0815,1
s_1458[c],s_1241[c],r_4274,1
s_1460[m],s_0727[m],r_4264,1
s_0190[c],s_1447[c],r_1012,1
s_0180[c],s_0991[c],r_0471,1
s_0180[c],s_0940[c],r_0659,1
s_0180[c],s_0176[c],r_1099,1
s_0180[c],s_0182[m],r_1099,1
s_0180[c],s_0181[e],r_1588,1
s_0180[c],s_4182[c],r_4570,1
s_0747[c],s_1582[c],r_4047,1
s_0747[c],s_1583[c],r_4047,1
s_0747[c],s_1585[c],r_4047,1
s_0747[c],s_1587[c],r_4047,1
s_0747[c],s_1589[c],r_4047,1
s_0747[c],s_1590[c],r_4047,1
s_0747[c],s_1591[c],r_4047,1
s_0747[c],s_1593[c],r_4047,1
s_0747[c],s_1594[c],r_4047,1
s_0747[c],s_1596[c],r_4047,1
s_0747[c],s_1598[c],r_4047,1
s_0747[c],s_1600[c],r_4047,1
s_0747[c],s_1602[c],r_4047,1
s_0747[c],s_1604[c],r_4047,1
s_0747[c],s_1606[c],r_4047,1
s_0747[c],s_1607[c],r_4047,1
s_0747[c],s_1608[c],r_4047,1
s_0747[c],s_1610[c],r_4047,1
s_0747[c],s_1612[c],r_4047,1
s_0747[c],s_1614[c],r_4047,1
s_0747[c],s_3717[c],r_4047,1
s_1590[c],s_0747[c],r_0478,1
s_0748[c],s_1582[c],r_4047,1
s_0748[c],s_1583[c],r_4047,1
s_0748[c],s_1585[c],r_4047,1
s_0748[c],s_1587[c],r_4047,1
s_0748[c],s_1589[c],r_4047,1
s_0748[c],s_1590[c],r_4047,1
s_0748[c],s_1591[c],r_4047,1
s_0748[c],s_1593[c],r_4047,1
s_0748[c],s_1594[c],r_4047,1
s_0748[c],s_1596[c],r_4047,1
s_0748[c],s_1598[c],r_4047,1
s_0748[c],s_1600[c],r_4047,1
s_0748[c],s_1602[c],r_4047,1
s_0748[c],s_1604[c],r_4047,1
s_0748[c],s_1606[c],r_4047,1
s_0748[c],s_1607[c],r_4047,1
s_0748[c],s_1608[c],r_4047,1
s_0748[c],s_1610[c],r_4047,1
s_0748[c],s_1612[c],r_4047,1
s_0748[c],s_1614[c],r_4047,1
s_0748[c],s_3717[c],r_4047,1
s_1591[c],s_0748[c],r_0479,1
s_0075[c],s_0764[c],r_0486,1
s_0770[m],s_0632[m],r_0490,1
s_0632[m],s_0629[c],r_1746,1
s_0767[c],s_0770[m],r_1809,1
s_0767[c],s_2934[x],r_3534,1
s_0767[c],s_0769[a],r_3581,1
s_0325[c],s_0301[c],r_0499,1
s_1005[m],s_1042[m],r_0503,1
s_1005[m],s_1410[m],r_0506,1
s_1042[m],s_1039[c],r_2045,1
s_0627[m],s_1097[m],r_0505,1
s_1097[m],s_1411[m],r_0832,1
s_1410[m],s_0628[m],r_0507,1
s_1098[m],s_1410[m],r_0506,1
s_0628[m],s_1098[m],r_0508,1
s_0773[c],s_3718[c],r_4048,1
s_0757[c],s_1582[c],r_4047,1
s_0757[c],s_1583[c],r_4047,1
s_0757[c],s_1585[c],r_4047,1
s_0757[c],s_1587[c],r_4047,1
s_0757[c],s_1589[c],r_4047,1
s_0757[c],s_1590[c],r_4047,1
s_0757[c],s_1591[c],r_4047,1
s_0757[c],s_1593[c],r_4047,1
s_0757[c],s_1594[c],r_4047,1
s_0757[c],s_1596[c],r_4047,1
s_0757[c],s_1598[c],r_4047,1
s_0757[c],s_1600[c],r_4047,1
s_0757[c],s_1602[c],r_4047,1
s_0757[c],s_1604[c],r_4047,1
s_0757[c],s_1606[c],r_4047,1
s_0757[c],s_1607[c],r_4047,1
s_0757[c],s_1608[c],r_4047,1
s_0757[c],s_1610[c],r_4047,1
s_0757[c],s_1612[c],r_4047,1
s_0757[c],s_1614[c],r_4047,1
s_0757[c],s_3717[c],r_4047,1
s_1593[c],s_0757[c],r_0512,1
s_1565[c],s_0782[c],r_0514,1
s_0782[c],s_0739[c],r_0529,1
s_0785[c],s_0141[c],r_0525,1
s_0785[c],s_0722[c],r_0525,1
s_0739[c],s_0785[c],r_0800,1
s_1010[c],s_1006[c],r_0536,1
s_1006[c],s_0832[c],r_0539,1
s_1011[c],s_1010[c],r_0537,1
s_0207[c],s_1011[c],r_0538,1
s_0832[c],s_1582[c],r_4047,1
s_0832[c],s_1583[c],r_4047,1
s_0832[c],s_1585[c],r_4047,1
s_0832[c],s_1587[c],r_4047,1
s_0832[c],s_1589[c],r_4047,1
s_0832[c],s_1590[c],r_4047,1
s_0832[c],s_1591[c],r_4047,1
s_0832[c],s_1593[c],r_4047,1
s_0832[c],s_1594[c],r_4047,1
s_0832[c],s_1596[c],r_4047,1
s_0832[c],s_1598[c],r_4047,1
s_0832[c],s_1600[c],r_4047,1
s_0832[c],s_1602[c],r_4047,1
s_0832[c],s_1604[c],r_4047,1
s_0832[c],s_1606[c],r_4047,1
s_0832[c],s_1607[c],r_4047,1
s_0832[c],s_1608[c],r_4047,1
s_0832[c],s_1610[c],r_4047,1
s_0832[c],s_1612[c],r_4047,1
s_0832[c],s_1614[c],r_4047,1
s_0832[c],s_3717[c],r_4047,1
s_1594[c],s_0832[c],r_0539,1
s_0836[m],s_0177[m],r_0545,1
s_0177[m],s_0176[c],r_1099,1
s_0177[m],s_0182[m],r_1099,1
s_1014[c],s_1238[c],r_0548,1
s_1238[c],s_1045[c],r_1041,1
s_0218[c],s_0028[c],r_0558,1
s_0028[c],s_0019[c],r_0735,1
s_0550[c],s_0207[c],r_0564,1
s_0849[c],s_1565[c],r_0565,1
s_0076[c],s_0086[c],r_0566,1
s_0086[c],s_0764[c],r_1055,1
s_0086[c],s_1048[c],r_1055,1
s_1365[c],s_0849[c],r_0570,1
s_0182[m],s_1411[m],r_0832,1
s_0182[m],s_0834[m],r_1838,1
s_0182[m],s_0180[c],r_1112,1
s_0182[m],s_0524[m],r_1112,1
s_0940[c],s_0779[c],r_0662,1
s_0940[c],s_1458[c],r_0662,1
s_0940[c],s_0516[c],r_2305,1
s_1016[c],s_0056[c],r_0663,1
s_1016[c],s_0847[c],r_0665,1
s_0056[c],s_0060[m],r_1596,1
s_1018[m],s_1016[c],r_1898,1
s_0847[c],s_1582[c],r_4047,1
s_0847[c],s_1583[c],r_4047,1
s_0847[c],s_1585[c],r_4047,1
s_0847[c],s_1587[c],r_4047,1
s_0847[c],s_1589[c],r_4047,1
s_0847[c],s_1590[c],r_4047,1
s_0847[c],s_1591[c],r_4047,1
s_0847[c],s_1593[c],r_4047,1
s_0847[c],s_1594[c],r_4047,1
s_0847[c],s_1596[c],r_4047,1
s_0847[c],s_1598[c],r_4047,1
s_0847[c],s_1600[c],r_4047,1
s_0847[c],s_1602[c],r_4047,1
s_0847[c],s_1604[c],r_4047,1
s_0847[c],s_1606[c],r_4047,1
s_0847[c],s_1607[c],r_4047,1
s_0847[c],s_1608[c],r_4047,1
s_0847[c],s_1610[c],r_4047,1
s_0847[c],s_1612[c],r_4047,1
s_0847[c],s_1614[c],r_4047,1
s_0847[c],s_3717[c],r_4047,1
s_1596[c],s_0847[c],r_0665,1
s_1020[c],s_0222[c],r_0671,1
s_0957[m],s_0955[c],r_1874,1
s_0959[c],s_1038[c],r_0989,1
s_1048[c],s_1195[c],r_0694,1
s_1048[c],s_1527[c],r_1057,1
s_1195[c],s_0722[c],r_0762,1
s_1195[c],s_1020[c],r_0762,1
s_0037[c],s_1059[c],r_0698,1
s_1021[c],s_1077[c],r_0701,1
s_1077[c],s_1582[c],r_4047,1
s_1077[c],s_1583[c],r_4047,1
s_1077[c],s_1585[c],r_4047,1
s_1077[c],s_1587[c],r_4047,1
s_1077[c],s_1589[c],r_4047,1
s_1077[c],s_1590[c],r_4047,1
s_1077[c],s_1591[c],r_4047,1
s_1077[c],s_1593[c],r_4047,1
s_1077[c],s_1594[c],r_4047,1
s_1077[c],s_1596[c],r_4047,1
s_1077[c],s_1598[c],r_4047,1
s_1077[c],s_1600[c],r_4047,1
s_1077[c],s_1602[c],r_4047,1
s_1077[c],s_1604[c],r_4047,1
s_1077[c],s_1606[c],r_4047,1
s_1077[c],s_1607[c],r_4047,1
s_1077[c],s_1608[c],r_4047,1
s_1077[c],s_1610[c],r_4047,1
s_1077[c],s_1612[c],r_4047,1
s_1077[c],s_1614[c],r_4047,1
s_1077[c],s_3717[c],r_4047,1
s_1598[c],s_1077[c],r_0701,1
s_1025[c],s_1099[c],r_0711,1
s_1099[c],s_1582[c],r_4047,1
s_1099[c],s_1583[c],r_4047,1
s_1099[c],s_1585[c],r_4047,1
s_1099[c],s_1587[c],r_4047,1
s_1099[c],s_1589[c],r_4047,1
s_1099[c],s_1590[c],r_4047,1
s_1099[c],s_1591[c],r_4047,1
s_1099[c],s_1593[c],r_4047,1
s_1099[c],s_1594[c],r_4047,1
s_1099[c],s_1596[c],r_4047,1
s_1099[c],s_1598[c],r_4047,1
s_1099[c],s_1600[c],r_4047,1
s_1099[c],s_1602[c],r_4047,1
s_1099[c],s_1604[c],r_4047,1
s_1099[c],s_1606[c],r_4047,1
s_1099[c],s_1607[c],r_4047,1
s_1099[c],s_1608[c],r_4047,1
s_1099[c],s_1610[c],r_4047,1
s_1099[c],s_1612[c],r_4047,1
s_1099[c],s_1614[c],r_4047,1
s_1099[c],s_3717[c],r_4047,1
s_1600[c],s_1099[c],r_0711,1
s_1271[c],s_1360[c],r_0884,1
s_0573[c],s_0743[c],r_0722,1
s_0574[c],s_0573[c],r_0902,1
s_0304[c],s_0120[c],r_0725,1
s_1148[c],s_1582[c],r_4047,1
s_1148[c],s_1583[c],r_4047,1
s_1148[c],s_1585[c],r_4047,1
s_1148[c],s_1587[c],r_4047,1
s_1148[c],s_1589[c],r_4047,1
s_1148[c],s_1590[c],r_4047,1
s_1148[c],s_1591[c],r_4047,1
s_1148[c],s_1593[c],r_4047,1
s_1148[c],s_1594[c],r_4047,1
s_1148[c],s_1596[c],r_4047,1
s_1148[c],s_1598[c],r_4047,1
s_1148[c],s_1600[c],r_4047,1
s_1148[c],s_1602[c],r_4047,1
s_1148[c],s_1604[c],r_4047,1
s_1148[c],s_1606[c],r_4047,1
s_1148[c],s_1607[c],r_4047,1
s_1148[c],s_1608[c],r_4047,1
s_1148[c],s_1610[c],r_4047,1
s_1148[c],s_1612[c],r_4047,1
s_1148[c],s_1614[c],r_4047,1
s_1148[c],s_3717[c],r_4047,1
s_1602[c],s_1148[c],r_0729,1
s_0019[c],s_0018[c],r_0904,1
s_0018[c],s_0943[c],r_0739,1
s_0126[c],s_1153[c],r_0757,1
s_1153[c],s_3117[x],r_3546,1
s_0591[c],s_1198[c],r_0768,1
s_1203[c],s_1212[c],r_0771,1
s_1203[c],s_2818[x],r_3532,1
s_1203[c],s_4205[c],r_4598,1
s_1212[c],s_1213[w],r_1964,1
s_1212[c],s_2799[x],r_3529,1
s_1212[c],s_4205[c],r_4598,1
s_1222[c],s_0591[c],r_0785,1
s_1403[c],s_1222[c],r_0786,1
s_0467[c],s_0539[c],r_0795,1
s_1538[c],s_1559[c],r_0811,1
s_1241[c],s_1012[c],r_4484,1
s_1241[c],s_1458[c],r_4484,1
s_1266[c],s_0979[c],r_0816,1
s_1266[c],s_0997[c],r_0819,1
s_0993[m],s_1192[m],r_0818,1
s_0993[m],s_1268[m],r_0818,1
s_1268[m],s_1266[c],r_1237,1
s_0997[c],s_0118[c],r_1887,1
s_1270[c],s_1545[c],r_0821,1
s_1545[c],s_1548[n],r_2089,1
s_1545[c],s_3719[c],r_4049,1
s_1411[m],s_0627[m],r_0831,1
s_1411[m],s_1464[m],r_0831,1
s_1464[m],s_1460[m],r_4039,1
s_1307[c],s_0197[c],r_0841,1
s_0197[c],s_0529[c],r_1736,1
s_0031[c],s_0017[c],r_0842,1
s_0017[c],s_1188[c],r_0905,1
s_1032[c],s_0951[c],r_0851,1
s_1032[c],s_1314[c],r_0852,1
s_0951[c],s_1318[c],r_0854,1
s_1314[c],s_1582[c],r_4047,1
s_1314[c],s_1583[c],r_4047,1
s_1314[c],s_1585[c],r_4047,1
s_1314[c],s_1587[c],r_4047,1
s_1314[c],s_1589[c],r_4047,1
s_1314[c],s_1590[c],r_4047,1
s_1314[c],s_1591[c],r_4047,1
s_1314[c],s_1593[c],r_4047,1
s_1314[c],s_1594[c],r_4047,1
s_1314[c],s_1596[c],r_4047,1
s_1314[c],s_1598[c],r_4047,1
s_1314[c],s_1600[c],r_4047,1
s_1314[c],s_1602[c],r_4047,1
s_1314[c],s_1604[c],r_4047,1
s_1314[c],s_1606[c],r_4047,1
s_1314[c],s_1607[c],r_4047,1
s_1314[c],s_1608[c],r_4047,1
s_1314[c],s_1610[c],r_4047,1
s_1314[c],s_1612[c],r_4047,1
s_1314[c],s_1614[c],r_4047,1
s_1314[c],s_3717[c],r_4047,1
s_1604[c],s_1314[c],r_0852,1
s_1318[c],s_1319[e],r_2002,1
s_0300[c],s_1364[c],r_0911,1
s_1620[c],s_1616[c],r_1038,1
s_1616[c],s_0390[c],r_0883,1
s_1616[c],s_1620[c],r_0883,1
s_1616[c],s_1620[c],r_0970,1
s_1616[c],s_1620[c],r_0974,1
s_1616[c],s_1620[c],r_0976,1
s_1616[c],s_1620[c],r_0978,1
s_0567[c],s_1543[c],r_1084,1
s_0260[c],s_0075[c],r_0892,1
s_1188[c],s_1307[c],r_0906,1
s_1364[c],s_0299[c],r_0908,1
s_0078[c],s_0077[c],r_0909,1
s_0327[c],s_0325[c],r_0914,1
s_1408[c],s_1386[c],r_0916,1
s_1408[c],s_0764[c],r_1049,1
s_1408[c],s_1427[c],r_1049,1
s_1442[c],s_0208[c],r_0937,1
s_1442[c],s_1439[c],r_0937,1
s_1439[c],s_0303[c],r_1002,1
s_1439[c],s_1442[c],r_1002,1
s_0204[c],s_1051[c],r_2119,1
s_1035[c],s_1379[c],r_0941,1
s_1379[c],s_1582[c],r_4047,1
s_1379[c],s_1583[c],r_4047,1
s_1379[c],s_1585[c],r_4047,1
s_1379[c],s_1587[c],r_4047,1
s_1379[c],s_1589[c],r_4047,1
s_1379[c],s_1590[c],r_4047,1
s_1379[c],s_1591[c],r_4047,1
s_1379[c],s_1593[c],r_4047,1
s_1379[c],s_1594[c],r_4047,1
s_1379[c],s_1596[c],r_4047,1
s_1379[c],s_1598[c],r_4047,1
s_1379[c],s_1600[c],r_4047,1
s_1379[c],s_1602[c],r_4047,1
s_1379[c],s_1604[c],r_4047,1
s_1379[c],s_1606[c],r_4047,1
s_1379[c],s_1607[c],r_4047,1
s_1379[c],s_1608[c],r_4047,1
s_1379[c],s_1610[c],r_4047,1
s_1379[c],s_1612[c],r_4047,1
s_1379[c],s_1614[c],r_4047,1
s_1379[c],s_3717[c],r_4047,1
s_1606[c],s_1379[c],r_0941,1
s_0118[c],s_1035[c],r_0957,1
s_0328[c],s_0314[c],r_0968,1
s_0328[c],s_1405[c],r_0968,1
s_0314[c],s_0328[c],r_0967,1
s_1405[c],s_4205[c],r_4598,1
s_0581[c],s_0577[c],r_0984,1
s_0581[c],s_0764[c],r_1049,1
s_0581[c],s_1427[c],r_1049,1
s_1038[c],s_0180[c],r_0988,1
s_1038[c],s_1025[c],r_0988,1
s_1428[c],s_1582[c],r_4047,1
s_1428[c],s_1583[c],r_4047,1
s_1428[c],s_1585[c],r_4047,1
s_1428[c],s_1587[c],r_4047,1
s_1428[c],s_1589[c],r_4047,1
s_1428[c],s_1590[c],r_4047,1
s_1428[c],s_1591[c],r_4047,1
s_1428[c],s_1593[c],r_4047,1
s_1428[c],s_1594[c],r_4047,1
s_1428[c],s_1596[c],r_4047,1
s_1428[c],s_1598[c],r_4047,1
s_1428[c],s_1600[c],r_4047,1
s_1428[c],s_1602[c],r_4047,1
s_1428[c],s_1604[c],r_4047,1
s_1428[c],s_1606[c],r_4047,1
s_1428[c],s_1607[c],r_4047,1
s_1428[c],s_1608[c],r_4047,1
s_1428[c],s_1610[c],r_4047,1
s_1428[c],s_1612[c],r_4047,1
s_1428[c],s_1614[c],r_4047,1
s_1428[c],s_3717[c],r_4047,1
s_1607[c],s_1428[c],r_0995,1
s_1429[c],s_0261[c],r_0997,1
s_1448[w],s_0038[w],r_1011,1
s_0038[w],s_0037[c],r_2054,1
s_0038[w],s_4209[w],r_4629,1
s_1447[c],s_1448[w],r_2053,1
s_0394[c],s_0298[c],r_1026,1
s_1045[c],s_1491[c],r_1042,1
s_1491[c],s_1582[c],r_4047,1
s_1491[c],s_1583[c],r_4047,1
s_1491[c],s_1585[c],r_4047,1
s_1491[c],s_1587[c],r_4047,1
s_1491[c],s_1589[c],r_4047,1
s_1491[c],s_1590[c],r_4047,1
s_1491[c],s_1591[c],r_4047,1
s_1491[c],s_1593[c],r_4047,1
s_1491[c],s_1594[c],r_4047,1
s_1491[c],s_1596[c],r_4047,1
s_1491[c],s_1598[c],r_4047,1
s_1491[c],s_1600[c],r_4047,1
s_1491[c],s_1602[c],r_4047,1
s_1491[c],s_1604[c],r_4047,1
s_1491[c],s_1606[c],r_4047,1
s_1491[c],s_1607[c],r_4047,1
s_1491[c],s_1608[c],r_4047,1
s_1491[c],s_1610[c],r_4047,1
s_1491[c],s_1612[c],r_4047,1
s_1491[c],s_1614[c],r_4047,1
s_1491[c],s_3717[c],r_4047,1
s_1608[c],s_1491[c],r_1042,1
s_0649[c],s_3720[c],r_4050,1
s_0551[c],s_0552[m],r_1708,1
s_1427[c],s_0551[c],r_1048,1
s_1427[c],s_0557[c],r_1048,1
s_1520[c],s_3718[c],r_4048,1
s_1527[c],s_1582[c],r_4047,1
s_1527[c],s_1583[c],r_4047,1
s_1527[c],s_1585[c],r_4047,1
s_1527[c],s_1587[c],r_4047,1
s_1527[c],s_1589[c],r_4047,1
s_1527[c],s_1590[c],r_4047,1
s_1527[c],s_1591[c],r_4047,1
s_1527[c],s_1593[c],r_4047,1
s_1527[c],s_1594[c],r_4047,1
s_1527[c],s_1596[c],r_4047,1
s_1527[c],s_1598[c],r_4047,1
s_1527[c],s_1600[c],r_4047,1
s_1527[c],s_1602[c],r_4047,1
s_1527[c],s_1604[c],r_4047,1
s_1527[c],s_1606[c],r_4047,1
s_1527[c],s_1607[c],r_4047,1
s_1527[c],s_1608[c],r_4047,1
s_1527[c],s_1610[c],r_4047,1
s_1527[c],s_1612[c],r_4047,1
s_1527[c],s_1614[c],r_4047,1
s_1527[c],s_3717[c],r_4047,1
s_1610[c],s_1527[c],r_1057,1
s_1051[c],s_1533[c],r_1066,1
s_1051[c],s_4401[c],r_4674,1
s_1051[c],s_4405[c],r_4674,1
s_1533[c],s_1582[c],r_4047,1
s_1533[c],s_1583[c],r_4047,1
s_1533[c],s_1585[c],r_4047,1
s_1533[c],s_1587[c],r_4047,1
s_1533[c],s_1589[c],r_4047,1
s_1533[c],s_1590[c],r_4047,1
s_1533[c],s_1591[c],r_4047,1
s_1533[c],s_1593[c],r_4047,1
s_1533[c],s_1594[c],r_4047,1
s_1533[c],s_1596[c],r_4047,1
s_1533[c],s_1598[c],r_4047,1
s_1533[c],s_1600[c],r_4047,1
s_1533[c],s_1602[c],r_4047,1
s_1533[c],s_1604[c],r_4047,1
s_1533[c],s_1606[c],r_4047,1
s_1533[c],s_1607[c],r_4047,1
s_1533[c],s_1608[c],r_4047,1
s_1533[c],s_1610[c],r_4047,1
s_1533[c],s_1612[c],r_4047,1
s_1533[c],s_1614[c],r_4047,1
s_1533[c],s_3717[c],r_4047,1
s_1612[c],s_1533[c],r_1066,1
s_1548[n],s_1540[n],r_1073,1
s_1540[n],s_1538[c],r_4610,1
s_1056[c],s_0232[c],r_1087,1
s_1056[c],s_1561[c],r_1089,1
s_1058[m],s_1056[c],r_2093,1
s_1561[c],s_1582[c],r_4047,1
s_1561[c],s_1583[c],r_4047,1
s_1561[c],s_1585[c],r_4047,1
s_1561[c],s_1587[c],r_4047,1
s_1561[c],s_1589[c],r_4047,1
s_1561[c],s_1590[c],r_4047,1
s_1561[c],s_1591[c],r_4047,1
s_1561[c],s_1593[c],r_4047,1
s_1561[c],s_1594[c],r_4047,1
s_1561[c],s_1596[c],r_4047,1
s_1561[c],s_1598[c],r_4047,1
s_1561[c],s_1600[c],r_4047,1
s_1561[c],s_1602[c],r_4047,1
s_1561[c],s_1604[c],r_4047,1
s_1561[c],s_1606[c],r_4047,1
s_1561[c],s_1607[c],r_4047,1
s_1561[c],s_1608[c],r_4047,1
s_1561[c],s_1610[c],r_4047,1
s_1561[c],s_1612[c],r_4047,1
s_1561[c],s_1614[c],r_4047,1
s_1561[c],s_3717[c],r_4047,1
s_1614[c],s_1561[c],r_1089,1
s_1302[c],s_2789[x],r_3517,1
s_1302[c],s_2847[a],r_3577,1
s_2782[x],s_2790[x],r_2156,1
s_2790[x],s_2803[x],r_2163,1
s_2789[x],s_2790[x],r_2156,1
s_2789[x],s_2819[x],r_2182,1
s_2789[x],s_2935[x],r_2308,1
s_2803[x],s_2811[x],r_2170,1
s_2811[x],s_2791[x],r_2177,1
s_2791[x],s_2821[x],r_2183,1
s_2791[x],s_2937[x],r_2310,1
s_2791[x],s_1454[c],r_3519,1
s_2819[x],s_2837[x],r_2197,1
s_2819[x],s_2936[x],r_2309,1
s_2819[x],s_2954[x],r_2332,1
s_2819[x],s_2956[x],r_2334,1
s_2819[x],s_2958[x],r_2336,1
s_2819[x],s_2877[c],r_3518,1
s_2832[x],s_2781[x],r_2194,1
s_2781[x],s_1073[c],r_3515,1
s_2837[x],s_1293[c],r_3511,1
s_2843[a],s_2841[a],r_2200,1
s_2841[a],s_2832[x],r_3681,1
s_2864[q],s_2865[q],r_2211,1
s_2865[q],s_1479[c],r_3614,1
s_2867[q],s_2866[q],r_2212,1
s_2866[q],s_2870[x],r_3902,1
s_2797[x],s_2869[x],r_2214,1
s_2869[x],s_2864[q],r_3901,1
s_2870[x],s_2816[x],r_2215,1
s_2816[x],s_0816[c],r_3524,1
s_2935[x],s_2954[x],r_2332,1
s_2934[x],s_2935[x],r_2308,1
s_2934[x],s_2936[x],r_2309,1
s_2934[x],s_2937[x],r_2310,1
s_2936[x],s_2956[x],r_2334,1
s_2937[x],s_2958[x],r_2336,1
s_0769[a],s_2944[a],r_2316,1
s_2944[a],s_2962[a],r_2340,1
s_2847[a],s_2944[a],r_2316,1
s_2954[x],s_3084[x],r_2432,1
s_2956[x],s_3085[x],r_2433,1
s_2956[x],s_2999[d],r_3798,1
s_2958[x],s_3086[x],r_2434,1
s_2853[a],s_2962[a],r_2340,1
s_2962[a],s_2955[x],r_3755,1
s_2999[d],s_3000[d],r_2362,1
s_3000[d],s_2969[x],r_3790,1
s_2849[a],s_3063[a],r_2412,1
s_3063[a],s_3023[x],r_3694,1
s_3051[a],s_3063[a],r_2412,1
s_2851[a],s_3069[a],r_2418,1
s_3069[a],s_3029[x],r_3691,1
s_3047[a],s_3069[a],r_2418,1
s_3084[x],s_3109[x],r_2446,1
s_3085[x],s_3110[x],r_2447,1
s_3085[x],s_3119[x],r_2455,1
s_3086[x],s_3120[x],r_2456,1
s_2955[x],s_3088[x],r_2436,1
s_3088[x],s_3113[x],r_2450,1
s_3109[x],s_3128[h],r_3765,1
s_3107[x],s_3109[x],r_2446,1
s_3107[x],s_3110[x],r_2447,1
s_3107[x],s_3113[x],r_2450,1
s_3110[x],s_3710[x],r_3980,1
s_3110[x],s_3741[c],r_3980,1
s_3110[x],s_3131[h],r_3766,1
s_3113[x],s_3155[d],r_3817,1
s_3113[x],s_3173[b],r_3849,1
s_3119[x],s_3547[c],r_3563,1
s_3117[x],s_3119[x],r_2455,1
s_3117[x],s_3120[x],r_2456,1
s_3120[x],s_3549[c],r_3564,1
s_3128[h],s_3130[h],r_2464,1
s_3130[h],s_3181[x],r_3773,1
s_3131[h],s_3132[h],r_2465,1
s_3132[h],s_3185[x],r_3774,1
s_3155[d],s_3156[d],r_2476,1
s_3156[d],s_3191[x],r_3825,1
s_3173[b],s_3174[b],r_2484,1
s_3174[b],s_3191[x],r_3857,1
s_3185[x],s_3186[x],r_2489,1
s_3185[x],s_3019[x],r_2885,1
s_3185[x],s_3425[x],r_2885,1
s_3185[x],s_3425[x],r_2893,1
s_3185[x],s_3425[x],r_2917,1
s_3185[x],s_3425[x],r_2941,1
s_3185[x],s_3021[x],r_2893,1
s_3185[x],s_3020[x],r_2917,1
s_3185[x],s_3026[x],r_2941,1
s_3185[x],s_3712[x],r_3998,1
s_3185[x],s_3741[c],r_3998,1
s_3186[x],s_3200[x],r_2497,1
s_3191[x],s_3192[x],r_2492,1
s_3191[x],s_3035[x],r_2888,1
s_3191[x],s_3424[x],r_2888,1
s_3191[x],s_3424[x],r_2912,1
s_3191[x],s_3424[x],r_2936,1
s_3191[x],s_3041[x],r_2912,1
s_3191[x],s_3040[x],r_2936,1
s_3192[x],s_3203[x],r_2500,1
s_3200[x],s_3208[x],r_2505,1
s_3203[x],s_3211[x],r_2508,1
s_3208[x],s_3021[x],r_2957,1
s_3208[x],s_3429[x],r_2957,1
s_3208[x],s_3429[x],r_2973,1
s_3208[x],s_3429[x],r_3005,1
s_3208[x],s_3025[x],r_2973,1
s_3208[x],s_3026[x],r_3005,1
s_3208[x],s_3711[x],r_3989,1
s_3208[x],s_3741[c],r_3989,1
s_3208[x],s_3298[h],r_3782,1
s_3211[x],s_3037[x],r_2960,1
s_3211[x],s_3428[x],r_2960,1
s_3211[x],s_3428[x],r_3000,1
s_3211[x],s_3428[x],r_3008,1
s_3211[x],s_3040[x],r_3000,1
s_3211[x],s_3042[x],r_3008,1
s_3211[x],s_3711[x],r_3992,1
s_3211[x],s_3740[c],r_3992,1
s_3211[x],s_3743[c],r_3992,1
s_3211[x],s_3304[h],r_3785,1
s_3270[h],s_3240[h],r_2620,1
s_3270[h],s_3240[h],r_2622,1
s_3270[h],s_3297[h],r_2620,1
s_3270[h],s_3297[h],r_2624,1
s_3270[h],s_3301[h],r_2622,1
s_3270[h],s_3301[h],r_2626,1
s_3270[h],s_3252[h],r_2624,1
s_3270[h],s_3252[h],r_2626,1
s_3240[h],s_3270[h],r_2621,1
s_3240[h],s_3270[h],r_2623,1
s_3240[h],s_3298[h],r_2621,1
s_3240[h],s_3302[h],r_2623,1
s_3297[h],s_3272[h],r_2632,1
s_3297[h],s_3304[h],r_2632,1
s_3297[h],s_3304[h],r_2640,1
s_3297[h],s_3304[h],r_2656,1
s_3297[h],s_3304[h],r_2664,1
s_3297[h],s_3304[h],r_2696,1
s_3297[h],s_3304[h],r_2704,1
s_3297[h],s_3304[h],r_2720,1
s_3297[h],s_3304[h],r_2728,1
s_3297[h],s_3304[h],r_2736,1
s_3297[h],s_3304[h],r_2760,1
s_3297[h],s_3304[h],r_2784,1
s_3297[h],s_3273[h],r_2640,1
s_3297[h],s_3274[h],r_2644,1
s_3297[h],s_3296[h],r_2644,1
s_3297[h],s_3296[h],r_2652,1
s_3297[h],s_3296[h],r_2660,1
s_3297[h],s_3296[h],r_2668,1
s_3297[h],s_3296[h],r_2684,1
s_3297[h],s_3296[h],r_2692,1
s_3297[h],s_3296[h],r_2708,1
s_3297[h],s_3296[h],r_2732,1
s_3297[h],s_3296[h],r_2740,1
s_3297[h],s_3296[h],r_2772,1
s_3297[h],s_3296[h],r_2780,1
s_3297[h],s_3296[h],r_2796,1
s_3297[h],s_3275[h],r_2652,1
s_3297[h],s_3275[h],r_2656,1
s_3297[h],s_3276[h],r_2660,1
s_3297[h],s_3276[h],r_2664,1
s_3297[h],s_3278[h],r_2668,1
s_3297[h],s_3280[h],r_2684,1
s_3297[h],s_3281[h],r_2692,1
s_3297[h],s_3281[h],r_2696,1
s_3297[h],s_3282[h],r_2704,1
s_3297[h],s_3283[h],r_2708,1
s_3297[h],s_3284[h],r_2720,1
s_3297[h],s_3285[h],r_2728,1
s_3297[h],s_3286[h],r_2732,1
s_3297[h],s_3286[h],r_2736,1
s_3297[h],s_3287[h],r_2740,1
s_3297[h],s_3289[h],r_2760,1
s_3297[h],s_3291[h],r_2772,1
s_3297[h],s_3292[h],r_2780,1
s_3297[h],s_3292[h],r_2784,1
s_3297[h],s_3294[h],r_2796,1
s_3296[h],s_3240[h],r_2620,1
s_3296[h],s_3297[h],r_2620,1
s_3296[h],s_3297[h],r_2628,1
s_3296[h],s_3297[h],r_2636,1
s_3296[h],s_3297[h],r_2676,1
s_3296[h],s_3297[h],r_2700,1
s_3296[h],s_3297[h],r_2716,1
s_3296[h],s_3297[h],r_2724,1
s_3296[h],s_3297[h],r_2748,1
s_3296[h],s_3297[h],r_2756,1
s_3296[h],s_3297[h],r_2788,1
s_3296[h],s_3297[h],r_2804,1
s_3296[h],s_3241[h],r_2628,1
s_3296[h],s_3242[h],r_2636,1
s_3296[h],s_3265[h],r_2676,1
s_3296[h],s_3268[h],r_2700,1
s_3296[h],s_3235[h],r_2716,1
s_3296[h],s_3239[h],r_2724,1
s_3296[h],s_3247[h],r_2748,1
s_3296[h],s_3251[h],r_2756,1
s_3296[h],s_3263[h],r_2788,1
s_3296[h],s_3269[h],r_2804,1
s_3296[h],s_3207[x],r_3781,1
s_3299[h],s_3270[h],r_2621,1
s_3299[h],s_3270[h],r_2625,1
s_3299[h],s_3298[h],r_2621,1
s_3299[h],s_3298[h],r_2637,1
s_3299[h],s_3298[h],r_2669,1
s_3299[h],s_3298[h],r_2685,1
s_3299[h],s_3298[h],r_2693,1
s_3299[h],s_3298[h],r_2717,1
s_3299[h],s_3298[h],r_2749,1
s_3299[h],s_3298[h],r_2757,1
s_3299[h],s_3298[h],r_2773,1
s_3299[h],s_3298[h],r_2781,1
s_3299[h],s_3298[h],r_2805,1
s_3299[h],s_3305[h],r_2625,1
s_3299[h],s_3305[h],r_2689,1
s_3299[h],s_3305[h],r_2697,1
s_3299[h],s_3305[h],r_2705,1
s_3299[h],s_3305[h],r_2729,1
s_3299[h],s_3305[h],r_2745,1
s_3299[h],s_3305[h],r_2753,1
s_3299[h],s_3305[h],r_2769,1
s_3299[h],s_3305[h],r_2777,1
s_3299[h],s_3305[h],r_2793,1
s_3299[h],s_3305[h],r_2801,1
s_3299[h],s_3273[h],r_2637,1
s_3299[h],s_3278[h],r_2669,1
s_3299[h],s_3280[h],r_2685,1
s_3299[h],s_3280[h],r_2689,1
s_3299[h],s_3281[h],r_2693,1
s_3299[h],s_3281[h],r_2697,1
s_3299[h],s_3282[h],r_2705,1
s_3299[h],s_3284[h],r_2717,1
s_3299[h],s_3285[h],r_2729,1
s_3299[h],s_3287[h],r_2745,1
s_3299[h],s_3288[h],r_2749,1
s_3299[h],s_3288[h],r_2753,1
s_3299[h],s_3289[h],r_2757,1
s_3299[h],s_3290[h],r_2769,1
s_3299[h],s_3291[h],r_2773,1
s_3299[h],s_3291[h],r_2777,1
s_3299[h],s_3292[h],r_2781,1
s_3299[h],s_3293[h],r_2793,1
s_3299[h],s_3294[h],r_2801,1
s_3299[h],s_3295[h],r_2805,1
s_3298[h],s_3241[h],r_2629,1
s_3298[h],s_3299[h],r_2629,1
s_3298[h],s_3299[h],r_2645,1
s_3298[h],s_3299[h],r_2653,1
s_3298[h],s_3299[h],r_2661,1
s_3298[h],s_3299[h],r_2677,1
s_3298[h],s_3299[h],r_2701,1
s_3298[h],s_3299[h],r_2709,1
s_3298[h],s_3299[h],r_2725,1
s_3298[h],s_3299[h],r_2741,1
s_3298[h],s_3299[h],r_2765,1
s_3298[h],s_3299[h],r_2789,1
s_3298[h],s_3299[h],r_2797,1
s_3298[h],s_3243[h],r_2645,1
s_3298[h],s_3244[h],r_2653,1
s_3298[h],s_3245[h],r_2661,1
s_3298[h],s_3245[h],r_2741,1
s_3298[h],s_3265[h],r_2677,1
s_3298[h],s_3265[h],r_2797,1
s_3298[h],s_3268[h],r_2701,1
s_3298[h],s_3269[h],r_2709,1
s_3298[h],s_3239[h],r_2725,1
s_3298[h],s_3253[h],r_2765,1
s_3298[h],s_3263[h],r_2789,1
s_3301[h],s_3272[h],r_2634,1
s_3301[h],s_3306[h],r_2634,1
s_3301[h],s_3306[h],r_2642,1
s_3301[h],s_3306[h],r_2658,1
s_3301[h],s_3306[h],r_2666,1
s_3301[h],s_3306[h],r_2674,1
s_3301[h],s_3306[h],r_2682,1
s_3301[h],s_3306[h],r_2722,1
s_3301[h],s_3306[h],r_2754,1
s_3301[h],s_3306[h],r_2762,1
s_3301[h],s_3306[h],r_2802,1
s_3301[h],s_3273[h],r_2642,1
s_3301[h],s_3274[h],r_2646,1
s_3301[h],s_3300[h],r_2646,1
s_3301[h],s_3300[h],r_2678,1
s_3301[h],s_3300[h],r_2702,1
s_3301[h],s_3300[h],r_2710,1
s_3301[h],s_3300[h],r_2718,1
s_3301[h],s_3300[h],r_2726,1
s_3301[h],s_3300[h],r_2734,1
s_3301[h],s_3300[h],r_2742,1
s_3301[h],s_3300[h],r_2766,1
s_3301[h],s_3300[h],r_2790,1
s_3301[h],s_3300[h],r_2806,1
s_3301[h],s_3275[h],r_2658,1
s_3301[h],s_3276[h],r_2666,1
s_3301[h],s_3278[h],r_2674,1
s_3301[h],s_3279[h],r_2678,1
s_3301[h],s_3279[h],r_2682,1
s_3301[h],s_3282[h],r_2702,1
s_3301[h],s_3283[h],r_2710,1
s_3301[h],s_3284[h],r_2718,1
s_3301[h],s_3284[h],r_2722,1
s_3301[h],s_3285[h],r_2726,1
s_3301[h],s_3286[h],r_2734,1
s_3301[h],s_3287[h],r_2742,1
s_3301[h],s_3288[h],r_2754,1
s_3301[h],s_3289[h],r_2762,1
s_3301[h],s_3290[h],r_2766,1
s_3301[h],s_3293[h],r_2790,1
s_3301[h],s_3294[h],r_2802,1
s_3301[h],s_3295[h],r_2806,1
s_3300[h],s_3240[h],r_2622,1
s_3300[h],s_3301[h],r_2622,1
s_3300[h],s_3301[h],r_2638,1
s_3300[h],s_3301[h],r_2654,1
s_3300[h],s_3301[h],r_2662,1
s_3300[h],s_3301[h],r_2670,1
s_3300[h],s_3301[h],r_2686,1
s_3300[h],s_3301[h],r_2694,1
s_3300[h],s_3301[h],r_2750,1
s_3300[h],s_3301[h],r_2758,1
s_3300[h],s_3301[h],r_2774,1
s_3300[h],s_3301[h],r_2782,1
s_3300[h],s_3301[h],r_2798,1
s_3300[h],s_3242[h],r_2638,1
s_3300[h],s_3244[h],r_2654,1
s_3300[h],s_3245[h],r_2662,1
s_3300[h],s_3264[h],r_2670,1
s_3300[h],s_3266[h],r_2686,1
s_3300[h],s_3267[h],r_2694,1
s_3300[h],s_3247[h],r_2750,1
s_3300[h],s_3251[h],r_2758,1
s_3300[h],s_3257[h],r_2774,1
s_3300[h],s_3259[h],r_2782,1
s_3300[h],s_3265[h],r_2798,1
s_3303[h],s_3270[h],r_2623,1
s_3303[h],s_3270[h],r_2627,1
s_3303[h],s_3302[h],r_2623,1
s_3303[h],s_3302[h],r_2631,1
s_3303[h],s_3302[h],r_2639,1
s_3303[h],s_3302[h],r_2655,1
s_3303[h],s_3302[h],r_2663,1
s_3303[h],s_3302[h],r_2679,1
s_3303[h],s_3302[h],r_2703,1
s_3303[h],s_3302[h],r_2727,1
s_3303[h],s_3302[h],r_2751,1
s_3303[h],s_3302[h],r_2759,1
s_3303[h],s_3302[h],r_2791,1
s_3303[h],s_3302[h],r_2799,1
s_3303[h],s_3307[h],r_2627,1
s_3303[h],s_3307[h],r_2651,1
s_3303[h],s_3307[h],r_2675,1
s_3303[h],s_3307[h],r_2683,1
s_3303[h],s_3307[h],r_2691,1
s_3303[h],s_3307[h],r_2715,1
s_3303[h],s_3307[h],r_2747,1
s_3303[h],s_3307[h],r_2771,1
s_3303[h],s_3307[h],r_2779,1
s_3303[h],s_3307[h],r_2787,1
s_3303[h],s_3307[h],r_2795,1
s_3303[h],s_3307[h],r_2811,1
s_3303[h],s_3272[h],r_2631,1
s_3303[h],s_3273[h],r_2639,1
s_3303[h],s_3274[h],r_2651,1
s_3303[h],s_3275[h],r_2655,1
s_3303[h],s_3276[h],r_2663,1
s_3303[h],s_3278[h],r_2675,1
s_3303[h],s_3279[h],r_2679,1
s_3303[h],s_3279[h],r_2683,1
s_3303[h],s_3280[h],r_2691,1
s_3303[h],s_3282[h],r_2703,1
s_3303[h],s_3283[h],r_2715,1
s_3303[h],s_3285[h],r_2727,1
s_3303[h],s_3287[h],r_2747,1
s_3303[h],s_3288[h],r_2751,1
s_3303[h],s_3289[h],r_2759,1
s_3303[h],s_3290[h],r_2771,1
s_3303[h],s_3291[h],r_2779,1
s_3303[h],s_3292[h],r_2787,1
s_3303[h],s_3293[h],r_2791,1
s_3303[h],s_3293[h],r_2795,1
s_3303[h],s_3294[h],r_2799,1
s_3303[h],s_3295[h],r_2811,1
s_3302[h],s_3264[h],r_2671,1
s_3302[h],s_3303[h],r_2671,1
s_3302[h],s_3303[h],r_2687,1
s_3302[h],s_3303[h],r_2695,1
s_3302[h],s_3303[h],r_2711,1
s_3302[h],s_3303[h],r_2719,1
s_3302[h],s_3303[h],r_2735,1
s_3302[h],s_3303[h],r_2743,1
s_3302[h],s_3303[h],r_2767,1
s_3302[h],s_3303[h],r_2775,1
s_3302[h],s_3303[h],r_2783,1
s_3302[h],s_3303[h],r_2807,1
s_3302[h],s_3266[h],r_2687,1
s_3302[h],s_3267[h],r_2695,1
s_3302[h],s_3269[h],r_2711,1
s_3302[h],s_3269[h],r_2807,1
s_3302[h],s_3235[h],r_2719,1
s_3302[h],s_3241[h],r_2735,1
s_3302[h],s_3245[h],r_2743,1
s_3302[h],s_3253[h],r_2767,1
s_3302[h],s_3257[h],r_2775,1
s_3302[h],s_3259[h],r_2783,1
s_3302[h],s_3210[x],r_3784,1
s_3252[h],s_3270[h],r_2625,1
s_3252[h],s_3270[h],r_2627,1
s_3252[h],s_3305[h],r_2625,1
s_3252[h],s_3307[h],r_2627,1
s_3304[h],s_3252[h],r_2624,1
s_3304[h],s_3297[h],r_2624,1
s_3304[h],s_3297[h],r_2672,1
s_3304[h],s_3297[h],r_2680,1
s_3304[h],s_3297[h],r_2688,1
s_3304[h],s_3297[h],r_2712,1
s_3304[h],s_3297[h],r_2744,1
s_3304[h],s_3297[h],r_2752,1
s_3304[h],s_3297[h],r_2768,1
s_3304[h],s_3297[h],r_2776,1
s_3304[h],s_3297[h],r_2792,1
s_3304[h],s_3297[h],r_2800,1
s_3304[h],s_3297[h],r_2808,1
s_3304[h],s_3308[h],r_2672,1
s_3304[h],s_3309[h],r_2680,1
s_3304[h],s_3310[h],r_2688,1
s_3304[h],s_3313[h],r_2712,1
s_3304[h],s_3315[h],r_2744,1
s_3304[h],s_3249[h],r_2752,1
s_3304[h],s_3255[h],r_2768,1
s_3304[h],s_3317[h],r_2776,1
s_3304[h],s_3318[h],r_2792,1
s_3304[h],s_3267[h],r_2800,1
s_3304[h],s_3319[h],r_2808,1
s_3305[h],s_3254[h],r_2641,1
s_3305[h],s_3299[h],r_2641,1
s_3305[h],s_3299[h],r_2649,1
s_3305[h],s_3299[h],r_2657,1
s_3305[h],s_3299[h],r_2665,1
s_3305[h],s_3299[h],r_2673,1
s_3305[h],s_3299[h],r_2681,1
s_3305[h],s_3299[h],r_2721,1
s_3305[h],s_3299[h],r_2737,1
s_3305[h],s_3299[h],r_2761,1
s_3305[h],s_3299[h],r_2785,1
s_3305[h],s_3255[h],r_2649,1
s_3305[h],s_3256[h],r_2657,1
s_3305[h],s_3257[h],r_2665,1
s_3305[h],s_3308[h],r_2673,1
s_3305[h],s_3309[h],r_2681,1
s_3305[h],s_3237[h],r_2721,1
s_3305[h],s_3243[h],r_2737,1
s_3305[h],s_3316[h],r_2761,1
s_3305[h],s_3261[h],r_2785,1
s_3305[h],s_3212[x],r_3786,1
s_3306[h],s_3252[h],r_2626,1
s_3306[h],s_3301[h],r_2626,1
s_3306[h],s_3301[h],r_2650,1
s_3306[h],s_3301[h],r_2690,1
s_3306[h],s_3301[h],r_2698,1
s_3306[h],s_3301[h],r_2706,1
s_3306[h],s_3301[h],r_2730,1
s_3306[h],s_3301[h],r_2746,1
s_3306[h],s_3301[h],r_2778,1
s_3306[h],s_3301[h],r_2786,1
s_3306[h],s_3301[h],r_2794,1
s_3306[h],s_3255[h],r_2650,1
s_3306[h],s_3310[h],r_2690,1
s_3306[h],s_3311[h],r_2698,1
s_3306[h],s_3312[h],r_2706,1
s_3306[h],s_3314[h],r_2730,1
s_3306[h],s_3315[h],r_2746,1
s_3306[h],s_3317[h],r_2778,1
s_3306[h],s_3261[h],r_2786,1
s_3306[h],s_3318[h],r_2794,1
s_3306[h],s_3213[x],r_3787,1
s_3307[h],s_3253[h],r_2635,1
s_3307[h],s_3303[h],r_2635,1
s_3307[h],s_3303[h],r_2643,1
s_3307[h],s_3303[h],r_2659,1
s_3307[h],s_3303[h],r_2667,1
s_3307[h],s_3303[h],r_2699,1
s_3307[h],s_3303[h],r_2707,1
s_3307[h],s_3303[h],r_2723,1
s_3307[h],s_3303[h],r_2731,1
s_3307[h],s_3303[h],r_2739,1
s_3307[h],s_3303[h],r_2755,1
s_3307[h],s_3303[h],r_2763,1
s_3307[h],s_3303[h],r_2803,1
s_3307[h],s_3254[h],r_2643,1
s_3307[h],s_3256[h],r_2659,1
s_3307[h],s_3257[h],r_2667,1
s_3307[h],s_3311[h],r_2699,1
s_3307[h],s_3312[h],r_2707,1
s_3307[h],s_3237[h],r_2723,1
s_3307[h],s_3314[h],r_2731,1
s_3307[h],s_3243[h],r_2739,1
s_3307[h],s_3249[h],r_2755,1
s_3307[h],s_3316[h],r_2763,1
s_3307[h],s_3267[h],r_2803,1
s_3272[h],s_3241[h],r_2628,1
s_3272[h],s_3241[h],r_2629,1
s_3272[h],s_3297[h],r_2628,1
s_3272[h],s_3299[h],r_2629,1
s_3272[h],s_3253[h],r_2635,1
s_3272[h],s_3303[h],r_2635,1
s_3241[h],s_3272[h],r_2631,1
s_3241[h],s_3302[h],r_2631,1
s_3241[h],s_3286[h],r_2732,1
s_3241[h],s_3286[h],r_2734,1
s_3241[h],s_3296[h],r_2732,1
s_3241[h],s_3300[h],r_2734,1
s_3253[h],s_3272[h],r_2632,1
s_3253[h],s_3272[h],r_2634,1
s_3253[h],s_3304[h],r_2632,1
s_3253[h],s_3306[h],r_2634,1
s_3253[h],s_3290[h],r_2766,1
s_3253[h],s_3300[h],r_2766,1
s_3273[h],s_3242[h],r_2636,1
s_3273[h],s_3242[h],r_2638,1
s_3273[h],s_3297[h],r_2636,1
s_3273[h],s_3301[h],r_2638,1
s_3273[h],s_3254[h],r_2641,1
s_3273[h],s_3254[h],r_2643,1
s_3273[h],s_3299[h],r_2641,1
s_3273[h],s_3303[h],r_2643,1
s_3242[h],s_3273[h],r_2637,1
s_3242[h],s_3273[h],r_2639,1
s_3242[h],s_3298[h],r_2637,1
s_3242[h],s_3302[h],r_2639,1
s_3254[h],s_3273[h],r_2640,1
s_3254[h],s_3273[h],r_2642,1
s_3254[h],s_3304[h],r_2640,1
s_3254[h],s_3306[h],r_2642,1
s_3243[h],s_3274[h],r_2644,1
s_3243[h],s_3274[h],r_2646,1
s_3243[h],s_3296[h],r_2644,1
s_3243[h],s_3300[h],r_2646,1
s_3243[h],s_3286[h],r_2736,1
s_3243[h],s_3304[h],r_2736,1
s_3274[h],s_3243[h],r_2645,1
s_3274[h],s_3299[h],r_2645,1
s_3274[h],s_3299[h],r_2649,1
s_3274[h],s_3255[h],r_2649,1
s_3274[h],s_3255[h],r_2650,1
s_3274[h],s_3301[h],r_2650,1
s_3255[h],s_3274[h],r_2651,1
s_3255[h],s_3307[h],r_2651,1
s_3255[h],s_3307[h],r_2771,1
s_3255[h],s_3290[h],r_2769,1
s_3255[h],s_3290[h],r_2771,1
s_3255[h],s_3305[h],r_2769,1
s_3244[h],s_3275[h],r_2652,1
s_3244[h],s_3275[h],r_2655,1
s_3244[h],s_3296[h],r_2652,1
s_3244[h],s_3302[h],r_2655,1
s_3275[h],s_3244[h],r_2653,1
s_3275[h],s_3244[h],r_2654,1
s_3275[h],s_3299[h],r_2653,1
s_3275[h],s_3299[h],r_2657,1
s_3275[h],s_3301[h],r_2654,1
s_3275[h],s_3256[h],r_2657,1
s_3275[h],s_3256[h],r_2659,1
s_3275[h],s_3303[h],r_2659,1
s_3256[h],s_3275[h],r_2656,1
s_3256[h],s_3275[h],r_2658,1
s_3256[h],s_3304[h],r_2656,1
s_3256[h],s_3306[h],r_2658,1
s_3245[h],s_3276[h],r_2660,1
s_3245[h],s_3276[h],r_2663,1
s_3245[h],s_3296[h],r_2660,1
s_3245[h],s_3296[h],r_2740,1
s_3245[h],s_3302[h],r_2663,1
s_3245[h],s_3287[h],r_2740,1
s_3245[h],s_3287[h],r_2742,1
s_3245[h],s_3300[h],r_2742,1
s_3276[h],s_3245[h],r_2661,1
s_3276[h],s_3245[h],r_2662,1
s_3276[h],s_3299[h],r_2661,1
s_3276[h],s_3299[h],r_2665,1
s_3276[h],s_3301[h],r_2662,1
s_3276[h],s_3257[h],r_2665,1
s_3276[h],s_3257[h],r_2667,1
s_3276[h],s_3303[h],r_2667,1
s_3257[h],s_3276[h],r_2664,1
s_3257[h],s_3276[h],r_2666,1
s_3257[h],s_3304[h],r_2664,1
s_3257[h],s_3306[h],r_2666,1
s_3257[h],s_3291[h],r_2772,1
s_3257[h],s_3291[h],r_2773,1
s_3257[h],s_3296[h],r_2772,1
s_3257[h],s_3298[h],r_2773,1
s_3264[h],s_3278[h],r_2668,1
s_3264[h],s_3278[h],r_2669,1
s_3264[h],s_3296[h],r_2668,1
s_3264[h],s_3298[h],r_2669,1
s_3278[h],s_3264[h],r_2670,1
s_3278[h],s_3264[h],r_2671,1
s_3278[h],s_3301[h],r_2670,1
s_3278[h],s_3303[h],r_2671,1
s_3278[h],s_3297[h],r_2672,1
s_3278[h],s_3308[h],r_2672,1
s_3278[h],s_3308[h],r_2673,1
s_3278[h],s_3299[h],r_2673,1
s_3308[h],s_3278[h],r_2674,1
s_3308[h],s_3278[h],r_2675,1
s_3308[h],s_3306[h],r_2674,1
s_3308[h],s_3307[h],r_2675,1
s_3279[h],s_3265[h],r_2676,1
s_3279[h],s_3265[h],r_2677,1
s_3279[h],s_3297[h],r_2676,1
s_3279[h],s_3297[h],r_2680,1
s_3279[h],s_3299[h],r_2677,1
s_3279[h],s_3299[h],r_2681,1
s_3279[h],s_3309[h],r_2680,1
s_3279[h],s_3309[h],r_2681,1
s_3265[h],s_3279[h],r_2678,1
s_3265[h],s_3279[h],r_2679,1
s_3265[h],s_3300[h],r_2678,1
s_3265[h],s_3302[h],r_2679,1
s_3265[h],s_3302[h],r_2799,1
s_3265[h],s_3294[h],r_2796,1
s_3265[h],s_3294[h],r_2799,1
s_3265[h],s_3296[h],r_2796,1
s_3309[h],s_3279[h],r_2682,1
s_3309[h],s_3279[h],r_2683,1
s_3309[h],s_3306[h],r_2682,1
s_3309[h],s_3307[h],r_2683,1
s_3266[h],s_3280[h],r_2684,1
s_3266[h],s_3280[h],r_2685,1
s_3266[h],s_3296[h],r_2684,1
s_3266[h],s_3298[h],r_2685,1
s_3280[h],s_3266[h],r_2686,1
s_3280[h],s_3266[h],r_2687,1
s_3280[h],s_3301[h],r_2686,1
s_3280[h],s_3301[h],r_2690,1
s_3280[h],s_3303[h],r_2687,1
s_3280[h],s_3297[h],r_2688,1
s_3280[h],s_3310[h],r_2688,1
s_3280[h],s_3310[h],r_2690,1
s_3310[h],s_3280[h],r_2689,1
s_3310[h],s_3280[h],r_2691,1
s_3310[h],s_3305[h],r_2689,1
s_3310[h],s_3307[h],r_2691,1
s_3267[h],s_3281[h],r_2692,1
s_3267[h],s_3281[h],r_2693,1
s_3267[h],s_3296[h],r_2692,1
s_3267[h],s_3298[h],r_2693,1
s_3267[h],s_3294[h],r_2801,1
s_3267[h],s_3294[h],r_2802,1
s_3267[h],s_3305[h],r_2801,1
s_3267[h],s_3306[h],r_2802,1
s_3281[h],s_3267[h],r_2694,1
s_3281[h],s_3267[h],r_2695,1
s_3281[h],s_3301[h],r_2694,1
s_3281[h],s_3301[h],r_2698,1
s_3281[h],s_3303[h],r_2695,1
s_3281[h],s_3303[h],r_2699,1
s_3281[h],s_3311[h],r_2698,1
s_3281[h],s_3311[h],r_2699,1
s_3311[h],s_3281[h],r_2696,1
s_3311[h],s_3281[h],r_2697,1
s_3311[h],s_3304[h],r_2696,1
s_3311[h],s_3305[h],r_2697,1
s_3282[h],s_3268[h],r_2700,1
s_3282[h],s_3268[h],r_2701,1
s_3282[h],s_3297[h],r_2700,1
s_3282[h],s_3299[h],r_2701,1
s_3282[h],s_3301[h],r_2706,1
s_3282[h],s_3312[h],r_2706,1
s_3282[h],s_3312[h],r_2707,1
s_3282[h],s_3303[h],r_2707,1
s_3268[h],s_3282[h],r_2702,1
s_3268[h],s_3282[h],r_2703,1
s_3268[h],s_3300[h],r_2702,1
s_3268[h],s_3302[h],r_2703,1
s_3312[h],s_3282[h],r_2704,1
s_3312[h],s_3282[h],r_2705,1
s_3312[h],s_3304[h],r_2704,1
s_3312[h],s_3305[h],r_2705,1
s_3269[h],s_3283[h],r_2708,1
s_3269[h],s_3283[h],r_2710,1
s_3269[h],s_3296[h],r_2708,1
s_3269[h],s_3300[h],r_2710,1
s_3269[h],s_3300[h],r_2806,1
s_3269[h],s_3295[h],r_2805,1
s_3269[h],s_3295[h],r_2806,1
s_3269[h],s_3298[h],r_2805,1
s_3283[h],s_3269[h],r_2709,1
s_3283[h],s_3269[h],r_2711,1
s_3283[h],s_3299[h],r_2709,1
s_3283[h],s_3303[h],r_2711,1
s_3283[h],s_3297[h],r_2712,1
s_3283[h],s_3313[h],r_2712,1
s_3313[h],s_3283[h],r_2715,1
s_3313[h],s_3307[h],r_2715,1
s_3284[h],s_3235[h],r_2716,1
s_3284[h],s_3235[h],r_2719,1
s_3284[h],s_3297[h],r_2716,1
s_3284[h],s_3303[h],r_2719,1
s_3284[h],s_3303[h],r_2723,1
s_3284[h],s_3237[h],r_2721,1
s_3284[h],s_3237[h],r_2723,1
s_3284[h],s_3299[h],r_2721,1
s_3235[h],s_3284[h],r_2717,1
s_3235[h],s_3284[h],r_2718,1
s_3235[h],s_3298[h],r_2717,1
s_3235[h],s_3300[h],r_2718,1
s_3237[h],s_3284[h],r_2720,1
s_3237[h],s_3284[h],r_2722,1
s_3237[h],s_3304[h],r_2720,1
s_3237[h],s_3306[h],r_2722,1
s_3285[h],s_3239[h],r_2724,1
s_3285[h],s_3239[h],r_2725,1
s_3285[h],s_3297[h],r_2724,1
s_3285[h],s_3299[h],r_2725,1
s_3285[h],s_3301[h],r_2730,1
s_3285[h],s_3314[h],r_2730,1
s_3285[h],s_3314[h],r_2731,1
s_3285[h],s_3303[h],r_2731,1
s_3239[h],s_3285[h],r_2726,1
s_3239[h],s_3285[h],r_2727,1
s_3239[h],s_3300[h],r_2726,1
s_3239[h],s_3302[h],r_2727,1
s_3314[h],s_3285[h],r_2728,1
s_3314[h],s_3285[h],r_2729,1
s_3314[h],s_3304[h],r_2728,1
s_3314[h],s_3305[h],r_2729,1
s_3286[h],s_3241[h],r_2735,1
s_3286[h],s_3303[h],r_2735,1
s_3286[h],s_3303[h],r_2739,1
s_3286[h],s_3243[h],r_2737,1
s_3286[h],s_3243[h],r_2739,1
s_3286[h],s_3299[h],r_2737,1
s_3287[h],s_3245[h],r_2741,1
s_3287[h],s_3245[h],r_2743,1
s_3287[h],s_3299[h],r_2741,1
s_3287[h],s_3303[h],r_2743,1
s_3287[h],s_3297[h],r_2744,1
s_3287[h],s_3315[h],r_2744,1
s_3287[h],s_3315[h],r_2746,1
s_3287[h],s_3301[h],r_2746,1
s_3315[h],s_3287[h],r_2745,1
s_3315[h],s_3287[h],r_2747,1
s_3315[h],s_3305[h],r_2745,1
s_3315[h],s_3307[h],r_2747,1
s_3288[h],s_3247[h],r_2748,1
s_3288[h],s_3247[h],r_2750,1
s_3288[h],s_3297[h],r_2748,1
s_3288[h],s_3297[h],r_2752,1
s_3288[h],s_3301[h],r_2750,1
s_3288[h],s_3249[h],r_2752,1
s_3288[h],s_3249[h],r_2755,1
s_3288[h],s_3303[h],r_2755,1
s_3247[h],s_3288[h],r_2749,1
s_3247[h],s_3288[h],r_2751,1
s_3247[h],s_3298[h],r_2749,1
s_3247[h],s_3302[h],r_2751,1
s_3249[h],s_3288[h],r_2753,1
s_3249[h],s_3288[h],r_2754,1
s_3249[h],s_3305[h],r_2753,1
s_3249[h],s_3306[h],r_2754,1
s_3289[h],s_3251[h],r_2756,1
s_3289[h],s_3251[h],r_2758,1
s_3289[h],s_3297[h],r_2756,1
s_3289[h],s_3301[h],r_2758,1
s_3289[h],s_3299[h],r_2761,1
s_3289[h],s_3316[h],r_2761,1
s_3289[h],s_3316[h],r_2763,1
s_3289[h],s_3303[h],r_2763,1
s_3251[h],s_3289[h],r_2757,1
s_3251[h],s_3289[h],r_2759,1
s_3251[h],s_3298[h],r_2757,1
s_3251[h],s_3302[h],r_2759,1
s_3316[h],s_3289[h],r_2760,1
s_3316[h],s_3289[h],r_2762,1
s_3316[h],s_3304[h],r_2760,1
s_3316[h],s_3306[h],r_2762,1
s_3290[h],s_3253[h],r_2765,1
s_3290[h],s_3253[h],r_2767,1
s_3290[h],s_3299[h],r_2765,1
s_3290[h],s_3303[h],r_2767,1
s_3290[h],s_3255[h],r_2768,1
s_3290[h],s_3297[h],r_2768,1
s_3291[h],s_3257[h],r_2774,1
s_3291[h],s_3257[h],r_2775,1
s_3291[h],s_3301[h],r_2774,1
s_3291[h],s_3301[h],r_2778,1
s_3291[h],s_3303[h],r_2775,1
s_3291[h],s_3297[h],r_2776,1
s_3291[h],s_3317[h],r_2776,1
s_3291[h],s_3317[h],r_2778,1
s_3317[h],s_3291[h],r_2777,1
s_3317[h],s_3291[h],r_2779,1
s_3317[h],s_3305[h],r_2777,1
s_3317[h],s_3307[h],r_2779,1
s_3259[h],s_3292[h],r_2780,1
s_3259[h],s_3292[h],r_2781,1
s_3259[h],s_3296[h],r_2780,1
s_3259[h],s_3298[h],r_2781,1
s_3292[h],s_3259[h],r_2782,1
s_3292[h],s_3259[h],r_2783,1
s_3292[h],s_3301[h],r_2782,1
s_3292[h],s_3301[h],r_2786,1
s_3292[h],s_3303[h],r_2783,1
s_3292[h],s_3261[h],r_2785,1
s_3292[h],s_3261[h],r_2786,1
s_3292[h],s_3299[h],r_2785,1
s_3261[h],s_3292[h],r_2784,1
s_3261[h],s_3292[h],r_2787,1
s_3261[h],s_3304[h],r_2784,1
s_3261[h],s_3307[h],r_2787,1
s_3293[h],s_3263[h],r_2788,1
s_3293[h],s_3263[h],r_2789,1
s_3293[h],s_3297[h],r_2788,1
s_3293[h],s_3297[h],r_2792,1
s_3293[h],s_3299[h],r_2789,1
s_3293[h],s_3318[h],r_2792,1
s_3293[h],s_3318[h],r_2794,1
s_3293[h],s_3301[h],r_2794,1
s_3263[h],s_3293[h],r_2790,1
s_3263[h],s_3293[h],r_2791,1
s_3263[h],s_3300[h],r_2790,1
s_3263[h],s_3302[h],r_2791,1
s_3318[h],s_3293[h],r_2793,1
s_3318[h],s_3293[h],r_2795,1
s_3318[h],s_3305[h],r_2793,1
s_3318[h],s_3307[h],r_2795,1
s_3294[h],s_3265[h],r_2797,1
s_3294[h],s_3265[h],r_2798,1
s_3294[h],s_3299[h],r_2797,1
s_3294[h],s_3301[h],r_2798,1
s_3294[h],s_3267[h],r_2800,1
s_3294[h],s_3267[h],r_2803,1
s_3294[h],s_3297[h],r_2800,1
s_3294[h],s_3303[h],r_2803,1
s_3295[h],s_3269[h],r_2804,1
s_3295[h],s_3269[h],r_2807,1
s_3295[h],s_3297[h],r_2804,1
s_3295[h],s_3297[h],r_2808,1
s_3295[h],s_3303[h],r_2807,1
s_3295[h],s_3319[h],r_2808,1
s_3319[h],s_3295[h],r_2811,1
s_3319[h],s_3307[h],r_2811,1
s_2967[x],s_3019[x],r_2884,1
s_2967[x],s_3019[x],r_2885,1
s_2967[x],s_3019[x],r_2886,1
s_2967[x],s_3019[x],r_2951,1
s_2967[x],s_3424[x],r_2884,1
s_2967[x],s_3424[x],r_2888,1
s_2967[x],s_3425[x],r_2885,1
s_2967[x],s_3426[x],r_2886,1
s_2967[x],s_3426[x],r_2890,1
s_2967[x],s_3035[x],r_2888,1
s_2967[x],s_3035[x],r_2890,1
s_2967[x],s_3035[x],r_2954,1
s_2967[x],s_3431[x],r_2951,1
s_2967[x],s_3430[x],r_2954,1
s_3019[x],s_2967[x],r_2887,1
s_3019[x],s_2967[x],r_2948,1
s_3019[x],s_2967[x],r_2949,1
s_3019[x],s_2967[x],r_2950,1
s_3019[x],s_3189[x],r_2887,1
s_3019[x],s_3207[x],r_2948,1
s_3019[x],s_3208[x],r_2949,1
s_3019[x],s_3209[x],r_2950,1
s_3424[x],s_2969[x],r_2896,1
s_3424[x],s_3191[x],r_2896,1
s_3424[x],s_3191[x],r_2904,1
s_3424[x],s_3191[x],r_2920,1
s_3424[x],s_3191[x],r_2928,1
s_3424[x],s_2971[x],r_2900,1
s_3424[x],s_2971[x],r_2904,1
s_3424[x],s_3181[x],r_2900,1
s_3424[x],s_3181[x],r_2924,1
s_3424[x],s_3181[x],r_2940,1
s_3424[x],s_2968[x],r_2920,1
s_3424[x],s_2970[x],r_2924,1
s_3424[x],s_2970[x],r_2928,1
s_3424[x],s_2974[x],r_2940,1
s_3181[x],s_3019[x],r_2884,1
s_3181[x],s_3424[x],r_2884,1
s_3181[x],s_3424[x],r_2892,1
s_3181[x],s_3424[x],r_2908,1
s_3181[x],s_3424[x],r_2916,1
s_3181[x],s_3424[x],r_2932,1
s_3181[x],s_3021[x],r_2892,1
s_3181[x],s_3025[x],r_2908,1
s_3181[x],s_3020[x],r_2916,1
s_3181[x],s_3024[x],r_2932,1
s_3425[x],s_2967[x],r_2889,1
s_3425[x],s_3193[x],r_2889,1
s_3425[x],s_3193[x],r_2913,1
s_3425[x],s_3193[x],r_2937,1
s_3425[x],s_3193[x],r_2945,1
s_3425[x],s_2971[x],r_2901,1
s_3425[x],s_3185[x],r_2901,1
s_3425[x],s_3185[x],r_2909,1
s_3425[x],s_3185[x],r_2925,1
s_3425[x],s_3185[x],r_2933,1
s_3425[x],s_2973[x],r_2909,1
s_3425[x],s_2973[x],r_2913,1
s_3425[x],s_2970[x],r_2925,1
s_3425[x],s_2972[x],r_2933,1
s_3425[x],s_2972[x],r_2937,1
s_3425[x],s_2974[x],r_2945,1
s_3426[x],s_2969[x],r_2894,1
s_3426[x],s_3187[x],r_2894,1
s_3426[x],s_3187[x],r_2910,1
s_3426[x],s_3187[x],r_2918,1
s_3426[x],s_3187[x],r_2942,1
s_3426[x],s_2973[x],r_2910,1
s_3426[x],s_2968[x],r_2918,1
s_3426[x],s_2968[x],r_2922,1
s_3426[x],s_3195[x],r_2922,1
s_3426[x],s_3195[x],r_2930,1
s_3426[x],s_3195[x],r_2938,1
s_3426[x],s_2970[x],r_2930,1
s_3426[x],s_2972[x],r_2938,1
s_3426[x],s_2974[x],r_2942,1
s_3187[x],s_3019[x],r_2886,1
s_3187[x],s_3426[x],r_2886,1
s_3187[x],s_3426[x],r_2902,1
s_3187[x],s_3426[x],r_2926,1
s_3187[x],s_3426[x],r_2934,1
s_3187[x],s_3023[x],r_2902,1
s_3187[x],s_3022[x],r_2926,1
s_3187[x],s_3024[x],r_2934,1
s_3427[x],s_2967[x],r_2887,1
s_3427[x],s_2967[x],r_2891,1
s_3427[x],s_3189[x],r_2887,1
s_3427[x],s_3189[x],r_2895,1
s_3427[x],s_3189[x],r_2919,1
s_3427[x],s_3189[x],r_2935,1
s_3427[x],s_3197[x],r_2891,1
s_3427[x],s_3197[x],r_2915,1
s_3427[x],s_3197[x],r_2931,1
s_3427[x],s_3197[x],r_2947,1
s_3427[x],s_2969[x],r_2895,1
s_3427[x],s_2973[x],r_2915,1
s_3427[x],s_2968[x],r_2919,1
s_3427[x],s_2970[x],r_2931,1
s_3427[x],s_2972[x],r_2935,1
s_3427[x],s_2974[x],r_2947,1
s_3189[x],s_3023[x],r_2903,1
s_3189[x],s_3427[x],r_2903,1
s_3189[x],s_3427[x],r_2911,1
s_3189[x],s_3427[x],r_2927,1
s_3189[x],s_3427[x],r_2943,1
s_3189[x],s_3025[x],r_2911,1
s_3189[x],s_3022[x],r_2927,1
s_3189[x],s_3026[x],r_2943,1
s_3035[x],s_2967[x],r_2889,1
s_3035[x],s_2967[x],r_2891,1
s_3035[x],s_2967[x],r_2955,1
s_3035[x],s_3193[x],r_2889,1
s_3035[x],s_3197[x],r_2891,1
s_3035[x],s_3214[x],r_2955,1
s_3193[x],s_3037[x],r_2897,1
s_3193[x],s_3425[x],r_2897,1
s_3193[x],s_3425[x],r_2905,1
s_3193[x],s_3425[x],r_2921,1
s_3193[x],s_3425[x],r_2929,1
s_3193[x],s_3039[x],r_2905,1
s_3193[x],s_3036[x],r_2921,1
s_3193[x],s_3038[x],r_2929,1
s_3195[x],s_3035[x],r_2890,1
s_3195[x],s_3426[x],r_2890,1
s_3195[x],s_3426[x],r_2898,1
s_3195[x],s_3426[x],r_2946,1
s_3195[x],s_3037[x],r_2898,1
s_3195[x],s_3042[x],r_2946,1
s_3197[x],s_3037[x],r_2899,1
s_3197[x],s_3427[x],r_2899,1
s_3197[x],s_3427[x],r_2907,1
s_3197[x],s_3427[x],r_2923,1
s_3197[x],s_3427[x],r_2939,1
s_3197[x],s_3039[x],r_2907,1
s_3197[x],s_3036[x],r_2923,1
s_3197[x],s_3040[x],r_2939,1
s_2969[x],s_3021[x],r_2892,1
s_2969[x],s_3021[x],r_2893,1
s_2969[x],s_3021[x],r_2957,1
s_2969[x],s_3021[x],r_2958,1
s_2969[x],s_3424[x],r_2892,1
s_2969[x],s_3425[x],r_2893,1
s_2969[x],s_3425[x],r_2897,1
s_2969[x],s_3037[x],r_2897,1
s_2969[x],s_3037[x],r_2898,1
s_2969[x],s_3037[x],r_2899,1
s_2969[x],s_3037[x],r_2960,1
s_2969[x],s_3426[x],r_2898,1
s_2969[x],s_3427[x],r_2899,1
s_2969[x],s_3429[x],r_2957,1
s_2969[x],s_3430[x],r_2958,1
s_2969[x],s_3428[x],r_2960,1
s_2969[x],s_3500[c],r_3555,1
s_3021[x],s_2969[x],r_2894,1
s_3021[x],s_2969[x],r_2895,1
s_3021[x],s_2969[x],r_2956,1
s_3021[x],s_2969[x],r_2959,1
s_3021[x],s_3187[x],r_2894,1
s_3021[x],s_3189[x],r_2895,1
s_3021[x],s_3207[x],r_2956,1
s_3021[x],s_3210[x],r_2959,1
s_3021[x],s_3713[x],r_4016,1
s_3021[x],s_3741[c],r_4016,1
s_3037[x],s_2969[x],r_2896,1
s_3037[x],s_2969[x],r_2961,1
s_3037[x],s_2969[x],r_2962,1
s_3037[x],s_2969[x],r_2963,1
s_3037[x],s_3191[x],r_2896,1
s_3037[x],s_3212[x],r_2961,1
s_3037[x],s_3213[x],r_2962,1
s_3037[x],s_3214[x],r_2963,1
s_3023[x],s_2971[x],r_2900,1
s_3023[x],s_2971[x],r_2901,1
s_3023[x],s_2971[x],r_2965,1
s_3023[x],s_2971[x],r_2966,1
s_3023[x],s_3181[x],r_2900,1
s_3023[x],s_3185[x],r_2901,1
s_3023[x],s_3208[x],r_2965,1
s_3023[x],s_3209[x],r_2966,1
s_2971[x],s_3023[x],r_2902,1
s_2971[x],s_3023[x],r_2903,1
s_2971[x],s_3023[x],r_2964,1
s_2971[x],s_3023[x],r_2967,1
s_2971[x],s_3426[x],r_2902,1
s_2971[x],s_3427[x],r_2903,1
s_2971[x],s_3427[x],r_2907,1
s_2971[x],s_3039[x],r_2905,1
s_2971[x],s_3039[x],r_2907,1
s_2971[x],s_3039[x],r_2969,1
s_2971[x],s_3425[x],r_2905,1
s_2971[x],s_3428[x],r_2964,1
s_2971[x],s_3431[x],r_2967,1
s_2971[x],s_3429[x],r_2969,1
s_2971[x],s_3502[c],r_3556,1
s_3039[x],s_2971[x],r_2904,1
s_3039[x],s_2971[x],r_2968,1
s_3039[x],s_2971[x],r_2970,1
s_3039[x],s_3191[x],r_2904,1
s_3039[x],s_3211[x],r_2968,1
s_3039[x],s_3213[x],r_2970,1
s_2973[x],s_3025[x],r_2908,1
s_2973[x],s_3025[x],r_2911,1
s_2973[x],s_3025[x],r_2972,1
s_2973[x],s_3025[x],r_2973,1
s_2973[x],s_3424[x],r_2908,1
s_2973[x],s_3424[x],r_2912,1
s_2973[x],s_3427[x],r_2911,1
s_2973[x],s_3041[x],r_2912,1
s_2973[x],s_3041[x],r_2978,1
s_2973[x],s_3041[x],r_2979,1
s_2973[x],s_3428[x],r_2972,1
s_2973[x],s_3429[x],r_2973,1
s_2973[x],s_3430[x],r_2978,1
s_2973[x],s_3431[x],r_2979,1
s_3025[x],s_2973[x],r_2909,1
s_3025[x],s_2973[x],r_2910,1
s_3025[x],s_2973[x],r_2974,1
s_3025[x],s_2973[x],r_2975,1
s_3025[x],s_3185[x],r_2909,1
s_3025[x],s_3187[x],r_2910,1
s_3025[x],s_3209[x],r_2974,1
s_3025[x],s_3210[x],r_2975,1
s_3041[x],s_2973[x],r_2913,1
s_3041[x],s_2973[x],r_2915,1
s_3041[x],s_2973[x],r_2977,1
s_3041[x],s_3193[x],r_2913,1
s_3041[x],s_3197[x],r_2915,1
s_3041[x],s_3212[x],r_2977,1
s_2968[x],s_3020[x],r_2916,1
s_2968[x],s_3020[x],r_2917,1
s_2968[x],s_3020[x],r_2982,1
s_2968[x],s_3020[x],r_2983,1
s_2968[x],s_3424[x],r_2916,1
s_2968[x],s_3425[x],r_2917,1
s_2968[x],s_3425[x],r_2921,1
s_2968[x],s_3036[x],r_2921,1
s_2968[x],s_3036[x],r_2923,1
s_2968[x],s_3036[x],r_2986,1
s_2968[x],s_3036[x],r_2987,1
s_2968[x],s_3427[x],r_2923,1
s_2968[x],s_3430[x],r_2982,1
s_2968[x],s_3430[x],r_2986,1
s_2968[x],s_3431[x],r_2983,1
s_2968[x],s_3431[x],r_2987,1
s_3020[x],s_2968[x],r_2918,1
s_3020[x],s_2968[x],r_2919,1
s_3020[x],s_2968[x],r_2980,1
s_3020[x],s_2968[x],r_2981,1
s_3020[x],s_3187[x],r_2918,1
s_3020[x],s_3189[x],r_2919,1
s_3020[x],s_3207[x],r_2980,1
s_3020[x],s_3208[x],r_2981,1
s_3036[x],s_2968[x],r_2920,1
s_3036[x],s_2968[x],r_2922,1
s_3036[x],s_2968[x],r_2984,1
s_3036[x],s_2968[x],r_2985,1
s_3036[x],s_3191[x],r_2920,1
s_3036[x],s_3195[x],r_2922,1
s_3036[x],s_3211[x],r_2984,1
s_3036[x],s_3212[x],r_2985,1
s_3022[x],s_2970[x],r_2924,1
s_3022[x],s_2970[x],r_2925,1
s_3022[x],s_2970[x],r_2988,1
s_3022[x],s_3181[x],r_2924,1
s_3022[x],s_3185[x],r_2925,1
s_3022[x],s_3207[x],r_2988,1
s_2970[x],s_3022[x],r_2926,1
s_2970[x],s_3022[x],r_2927,1
s_2970[x],s_3022[x],r_2991,1
s_2970[x],s_3426[x],r_2926,1
s_2970[x],s_3427[x],r_2927,1
s_2970[x],s_3038[x],r_2929,1
s_2970[x],s_3038[x],r_2993,1
s_2970[x],s_3038[x],r_2994,1
s_2970[x],s_3038[x],r_2995,1
s_2970[x],s_3425[x],r_2929,1
s_2970[x],s_3431[x],r_2991,1
s_2970[x],s_3431[x],r_2995,1
s_2970[x],s_3429[x],r_2993,1
s_2970[x],s_3430[x],r_2994,1
s_3038[x],s_2970[x],r_2928,1
s_3038[x],s_2970[x],r_2930,1
s_3038[x],s_2970[x],r_2931,1
s_3038[x],s_2970[x],r_2992,1
s_3038[x],s_3191[x],r_2928,1
s_3038[x],s_3195[x],r_2930,1
s_3038[x],s_3197[x],r_2931,1
s_3038[x],s_3211[x],r_2992,1
s_2972[x],s_3024[x],r_2932,1
s_2972[x],s_3024[x],r_2934,1
s_2972[x],s_3024[x],r_2996,1
s_2972[x],s_3024[x],r_2998,1
s_2972[x],s_3424[x],r_2932,1
s_2972[x],s_3424[x],r_2936,1
s_2972[x],s_3426[x],r_2934,1
s_2972[x],s_3040[x],r_2936,1
s_2972[x],s_3040[x],r_2939,1
s_2972[x],s_3040[x],r_3000,1
s_2972[x],s_3040[x],r_3001,1
s_2972[x],s_3427[x],r_2939,1
s_2972[x],s_3428[x],r_2996,1
s_2972[x],s_3428[x],r_3000,1
s_2972[x],s_3430[x],r_2998,1
s_2972[x],s_3429[x],r_3001,1
s_3024[x],s_2972[x],r_2933,1
s_3024[x],s_2972[x],r_2935,1
s_3024[x],s_2972[x],r_2997,1
s_3024[x],s_2972[x],r_2999,1
s_3024[x],s_3185[x],r_2933,1
s_3024[x],s_3189[x],r_2935,1
s_3024[x],s_3208[x],r_2997,1
s_3024[x],s_3210[x],r_2999,1
s_3040[x],s_2972[x],r_2937,1
s_3040[x],s_2972[x],r_2938,1
s_3040[x],s_2972[x],r_3002,1
s_3040[x],s_2972[x],r_3003,1
s_3040[x],s_3193[x],r_2937,1
s_3040[x],s_3195[x],r_2938,1
s_3040[x],s_3213[x],r_3002,1
s_3040[x],s_3214[x],r_3003,1
s_3026[x],s_2974[x],r_2940,1
s_3026[x],s_2974[x],r_2942,1
s_3026[x],s_2974[x],r_3006,1
s_3026[x],s_2974[x],r_3007,1
s_3026[x],s_3181[x],r_2940,1
s_3026[x],s_3187[x],r_2942,1
s_3026[x],s_3209[x],r_3006,1
s_3026[x],s_3210[x],r_3007,1
s_2974[x],s_3026[x],r_2941,1
s_2974[x],s_3026[x],r_2943,1
s_2974[x],s_3026[x],r_3004,1
s_2974[x],s_3026[x],r_3005,1
s_2974[x],s_3425[x],r_2941,1
s_2974[x],s_3427[x],r_2943,1
s_2974[x],s_3042[x],r_2946,1
s_2974[x],s_3042[x],r_3008,1
s_2974[x],s_3042[x],r_3009,1
s_2974[x],s_3426[x],r_2946,1
s_2974[x],s_3428[x],r_3004,1
s_2974[x],s_3428[x],r_3008,1
s_2974[x],s_3429[x],r_3005,1
s_2974[x],s_3429[x],r_3009,1
s_3042[x],s_2974[x],r_2945,1
s_3042[x],s_2974[x],r_2947,1
s_3042[x],s_2974[x],r_3011,1
s_3042[x],s_3193[x],r_2945,1
s_3042[x],s_3197[x],r_2947,1
s_3042[x],s_3214[x],r_3011,1
s_3428[x],s_2967[x],r_2948,1
s_3428[x],s_3207[x],r_2948,1
s_3428[x],s_3207[x],r_2956,1
s_3428[x],s_3207[x],r_2980,1
s_3428[x],s_3207[x],r_2988,1
s_3428[x],s_2969[x],r_2956,1
s_3428[x],s_2971[x],r_2968,1
s_3428[x],s_3211[x],r_2968,1
s_3428[x],s_3211[x],r_2984,1
s_3428[x],s_3211[x],r_2992,1
s_3428[x],s_2968[x],r_2980,1
s_3428[x],s_2968[x],r_2984,1
s_3428[x],s_2970[x],r_2988,1
s_3428[x],s_2970[x],r_2992,1
s_3207[x],s_3023[x],r_2964,1
s_3207[x],s_3428[x],r_2964,1
s_3207[x],s_3428[x],r_2972,1
s_3207[x],s_3428[x],r_2996,1
s_3207[x],s_3428[x],r_3004,1
s_3207[x],s_3025[x],r_2972,1
s_3207[x],s_3024[x],r_2996,1
s_3207[x],s_3026[x],r_3004,1
s_3207[x],s_3711[x],r_3988,1
s_3207[x],s_3740[c],r_3988,1
s_3207[x],s_3741[c],r_3988,1
s_3429[x],s_2967[x],r_2949,1
s_3429[x],s_3208[x],r_2949,1
s_3429[x],s_3208[x],r_2965,1
s_3429[x],s_3208[x],r_2981,1
s_3429[x],s_3208[x],r_2997,1
s_3429[x],s_2969[x],r_2961,1
s_3429[x],s_3212[x],r_2961,1
s_3429[x],s_3212[x],r_2977,1
s_3429[x],s_3212[x],r_2985,1
s_3429[x],s_2971[x],r_2965,1
s_3429[x],s_2973[x],r_2977,1
s_3429[x],s_2968[x],r_2981,1
s_3429[x],s_2968[x],r_2985,1
s_3429[x],s_2972[x],r_2997,1
s_3430[x],s_2967[x],r_2950,1
s_3430[x],s_3209[x],r_2950,1
s_3430[x],s_3209[x],r_2966,1
s_3430[x],s_3209[x],r_2974,1
s_3430[x],s_3209[x],r_3006,1
s_3430[x],s_2969[x],r_2962,1
s_3430[x],s_3213[x],r_2962,1
s_3430[x],s_3213[x],r_2970,1
s_3430[x],s_3213[x],r_3002,1
s_3430[x],s_2971[x],r_2966,1
s_3430[x],s_2971[x],r_2970,1
s_3430[x],s_2973[x],r_2974,1
s_3430[x],s_2972[x],r_3002,1
s_3430[x],s_2974[x],r_3006,1
s_3209[x],s_3021[x],r_2958,1
s_3209[x],s_3430[x],r_2958,1
s_3209[x],s_3430[x],r_2982,1
s_3209[x],s_3430[x],r_2998,1
s_3209[x],s_3020[x],r_2982,1
s_3209[x],s_3024[x],r_2998,1
s_3209[x],s_3300[h],r_3783,1
s_3431[x],s_2967[x],r_2955,1
s_3431[x],s_3214[x],r_2955,1
s_3431[x],s_3214[x],r_2963,1
s_3431[x],s_3214[x],r_3003,1
s_3431[x],s_3214[x],r_3011,1
s_3431[x],s_2969[x],r_2959,1
s_3431[x],s_2969[x],r_2963,1
s_3431[x],s_3210[x],r_2959,1
s_3431[x],s_3210[x],r_2975,1
s_3431[x],s_3210[x],r_2999,1
s_3431[x],s_3210[x],r_3007,1
s_3431[x],s_2973[x],r_2975,1
s_3431[x],s_2972[x],r_2999,1
s_3431[x],s_2972[x],r_3003,1
s_3431[x],s_2974[x],r_3007,1
s_3431[x],s_2974[x],r_3011,1
s_3210[x],s_3019[x],r_2951,1
s_3210[x],s_3431[x],r_2951,1
s_3210[x],s_3431[x],r_2967,1
s_3210[x],s_3431[x],r_2983,1
s_3210[x],s_3431[x],r_2991,1
s_3210[x],s_3023[x],r_2967,1
s_3210[x],s_3020[x],r_2983,1
s_3210[x],s_3022[x],r_2991,1
s_3213[x],s_3035[x],r_2954,1
s_3213[x],s_3430[x],r_2954,1
s_3213[x],s_3430[x],r_2978,1
s_3213[x],s_3430[x],r_2986,1
s_3213[x],s_3430[x],r_2994,1
s_3213[x],s_3041[x],r_2978,1
s_3213[x],s_3036[x],r_2986,1
s_3213[x],s_3038[x],r_2994,1
s_3214[x],s_3041[x],r_2979,1
s_3214[x],s_3431[x],r_2979,1
s_3214[x],s_3431[x],r_2987,1
s_3214[x],s_3431[x],r_2995,1
s_3214[x],s_3036[x],r_2987,1
s_3214[x],s_3038[x],r_2995,1
s_3214[x],s_3307[h],r_3788,1
s_3212[x],s_3039[x],r_2969,1
s_3212[x],s_3429[x],r_2969,1
s_3212[x],s_3429[x],r_2993,1
s_3212[x],s_3429[x],r_3001,1
s_3212[x],s_3429[x],r_3009,1
s_3212[x],s_3038[x],r_2993,1
s_3212[x],s_3040[x],r_3001,1
s_3212[x],s_3042[x],r_3009,1
s_0968[v],s_0965[c],r_4161,1
s_3547[c],s_0089[c],r_3964,1
s_3547[c],s_3741[c],r_3964,1
s_0089[c],s_3746[c],r_4063,1
s_3741[c],s_3747[c],r_4065,1
s_3549[c],s_0089[c],r_3965,1
s_3549[c],s_3741[c],r_3965,1
s_3549[c],s_3742[c],r_3965,1
s_3742[c],s_3747[c],r_4065,1
s_3709[x],s_0672[c],r_3973,1
s_3743[c],s_3747[c],r_4065,1
s_1293[c],s_0694[c],r_3976,1
s_1293[c],s_3741[c],r_3976,1
s_0694[c],s_3746[c],r_4063,1
s_3710[x],s_1337[c],r_3987,1
s_3711[x],s_1346[c],r_3996,1
s_3740[c],s_3747[c],r_4065,1
s_3712[x],s_1351[c],r_4005,1
s_3713[x],s_1524[c],r_4038,1
s_3029[x],s_3713[x],r_4024,1
s_3029[x],s_3741[c],r_4024,1
s_3029[x],s_3742[c],r_4024,1
s_0178[c],s_0179[m],r_1585,1
s_0178[c],s_1241[c],r_4274,1
s_0181[e],s_0067[e],r_1652,1
s_0181[e],s_0180[c],r_1652,1
s_0398[n],s_0394[c],r_1644,1
s_0067[e],s_0066[c],r_1901,1
s_0434[c],s_0438[n],r_1660,1
s_0434[c],s_2831[x],r_3543,1
s_0662[c],s_0663[w],r_1754,1
s_0526[c],s_0467[c],r_1703,1
s_0526[c],s_3719[c],r_4049,1
s_0587[c],s_0589[c],r_1704,1
s_0582[c],s_0584[c],r_1729,1
s_0529[c],s_2785[x],r_3528,1
s_0666[c],s_3441[x],r_3552,1
s_0666[c],s_3746[c],r_4063,1
s_0681[e],s_0680[c],r_1762,1
s_1107[c],s_3718[c],r_4048,1
s_1208[w],s_1207[c],r_1963,1
s_3746[c],s_1096[c],r_2108,1
s_1096[c],s_0450[c],r_4041,1
s_3747[c],s_1096[c],r_2108,1
s_0531[a],s_0529[c],r_2125,1
s_1073[c],s_2843[a],r_3575,1
s_2877[c],s_2849[a],r_3578,1
s_1454[c],s_2851[a],r_3579,1
s_1262[c],s_2853[a],r_3580,1
s_1479[c],s_2797[x],r_3523,1
s_0816[c],s_2867[q],r_3615,1
s_2800[x],s_1207[c],r_3530,1
s_2820[x],s_1198[c],r_3533,1
s_3108[x],s_0526[c],r_3540,1
s_2833[x],s_0423[c],r_3544,1
s_3183[x],s_1413[c],r_3548,1
s_3500[c],s_3047[a],r_3589,1
s_3502[c],s_3051[a],r_3590,1
s_2840[a],s_0434[c],r_3585,1
s_0672[c],s_3746[c],r_4063,1
s_1337[c],s_3746[c],r_4063,1
s_1346[c],s_3746[c],r_4063,1
s_1351[c],s_3746[c],r_4063,1
s_1524[c],s_3746[c],r_4063,1
s_3717[c],s_0450[c],r_4041,1
s_3718[c],s_0450[c],r_4041,1
s_3719[c],s_0450[c],r_4041,1
s_3720[c],s_0450[c],r_4041,1
s_4205[c],s_0450[c],r_4041,1
s_4206[c],s_0450[c],r_4041,1
s_4182[c],s_0779[c],r_4571,1
s_4182[c],s_4183[c],r_4571,1
s_4183[c],s_4189[c],r_4582,1
s_4189[c],s_0178[c],r_4581,1
s_0687[c],s_4205[c],r_4598,1
s_1475[c],s_4205[c],r_4598,1
s_3714[c],s_4205[c],r_4598,1
s_4209[w],s_4211[w],r_4689,1
s_4209[w],s_4420[w],r_4689,1
s_4225[c],s_4210[w],r_4651,1
s_4210[w],s_4211[w],r_4689,1
s_4210[w],s_4211[w],r_4690,1
s_4210[w],s_4211[w],r_4691,1
s_4210[w],s_4420[w],r_4689,1
s_4210[w],s_4421[w],r_4690,1
s_4210[w],s_4419[w],r_4691,1
s_4211[w],s_4226[c],r_4652,1
s_4226[c],s_4225[c],r_4673,1
s_4226[c],s_4404[c],r_4673,1
s_4401[c],s_1032[c],r_4672,1
s_4404[c],s_1032[c],r_4672,1
s_4405[c],s_4225[c],r_4673,1
s_4405[c],s_4404[c],r_4673,1
s_4420[w],s_4211[w],r_4690,1
s_4420[w],s_4421[w],r_4690,1
s_4421[w],s_4211[w],r_4691,1
s_4421[w],s_4419[w],r_4691,1
s_4419[w],s_4422[e],r_4692,1
